experience,turnover,gender,age,industry,profession,traffic,coach,head_gender,greywage,way,extraversion,independ,selfcontrol,anxiety,novator
7.030800821,1,1,35,2,6,4,1,0,1,0,6.2,4.1,5.7,7.1,8.3
22.9650924,1,1,33,2,6,2,1,1,1,0,6.2,4.1,5.7,7.1,8.3
15.93429158,1,0,35,8,6,4,1,1,1,0,6.2,6.2,2.6,4.8,8.3
15.93429158,1,0,35,8,6,4,1,1,1,0,5.4,7.6,4.9,2.5,6.7
8.410677618,1,1,32,10,2,7,2,0,1,0,3,4.1,8,7.1,3.7
8.969199179,1,0,42,14,6,2,2,1,1,0,6.2,6.2,4.1,5.6,6.7
8.969199179,1,0,42,14,6,2,2,1,1,0,6.2,6.2,4.1,5.6,6.7
120.4435318,1,0,28,10,6,6,1,1,1,0,3.8,5.5,8,4,4.4
8.607802875,1,0,29,2,6,2,1,0,1,0,8.6,6.9,2.6,4,7.5
4.435318275,1,0,30,4,9,7,2,1,1,0,5.4,5.5,3.3,7.9,8.3
67.35112936,1,0,40,14,6,4,1,1,1,1,8.6,4.1,1.8,7.1,6.7
20.92813142,1,1,23,2,6,6,2,1,1,0,3,6.9,4.9,4.8,7.5
20.92813142,1,0,22,4,6,4,0,0,1,2,5.4,8.4,4.9,3.3,6
8.936344969,1,0,24,11,13,1,2,0,1,2,7,6.2,4.1,7.1,9
33.57700205,1,0,25,13,6,0,0,0,1,2,9.4,1.2,4.1,5.6,6.7
16.39425051,1,0,28,3,6,7,1,1,1,1,8.6,5.5,4.9,4.8,5.2
15.34291581,1,0,30,2,6,4,1,1,1,0,5.4,5.5,3.3,4.8,6.7
26.4476386,1,0,27,5,11,6,2,1,1,0,5.4,6.9,2.6,5.6,8.3
14.71868583,1,0,36,2,6,6,2,0,0,0,5.4,6.9,3.3,3.3,7.5
45.37166324,1,0,29,13,6,6,1,1,1,0,7.8,6.2,6.4,7.9,6
45.37166324,1,0,29,13,6,6,1,1,1,0,3.8,3.4,5.7,8.7,7.5
36.96098563,1,0,48,11,1,2,1,0,1,0,4.6,6.2,4.9,5.6,6.7
22.47227926,1,0,29,2,5,0,1,0,1,1,7.8,4.8,5.7,7.1,6
59.20328542,1,0,25,2,6,5,2,0,1,0,5.4,4.8,7.2,5.6,5.2
59.20328542,1,0,25,2,6,5,2,0,1,0,4.6,4.1,8.7,5.6,2.1
12.38603696,1,0,36,2,5,4,1,1,1,1,7.8,6.9,3.3,3.3,7.5
24.3449692,1,0,36,10,6,4,0,1,1,0,7.8,2.6,5.7,7.1,5.2
11.95893224,1,1,29,2,6,4,1,0,1,1,3.8,1.9,9.5,7.9,3.7
3.252566735,1,0,35,0,6,2,0,0,1,0,3,7.6,7.2,4,7.5
3.252566735,1,0,35,0,6,2,0,0,1,0,1.4,8.4,8,4.8,6
14.58726899,1,0,21,12,11,4,2,0,1,0,8.6,4.1,4.9,5.6,6
16.91991786,1,1,35,13,11,7,1,1,1,1,4.6,3.4,4.1,8.7,4.4
28.15605749,1,0,25,13,13,6,0,0,1,0,3.8,6.9,6.4,7.1,7.5
60.94455852,1,0,30.40033257,10,6,7,1,1,1,0,7,6.2,4.1,2.5,6.7
87.68788501,1,0,29,4,6,4,1,0,1,0,7,6.2,4.1,4,9
43.4661191,1,0,22,7,6,4,1,1,1,0,3,4.1,8.7,7.1,6
22.73511294,1,0,34,10,6,0,1,1,1,1,5.4,5.5,4.9,4.8,4.4
22.73511294,1,0,34,10,6,0,1,1,1,1,6.2,6.2,4.9,3.3,2.9
22.73511294,1,0,34,10,6,0,1,1,1,1,5.4,5.5,4.9,4.8,4.4
22.73511294,1,0,34,10,6,0,1,1,1,1,6.2,6.2,4.9,3.3,2.9
13.07597536,1,0,21,13,6,2,1,0,1,0,5.4,7.6,4.9,3.3,2.1
7.589322382,1,0,22,13,6,7,2,0,0,1,7,4.8,6.4,4,4.4
36.23819302,1,0,32,10,6,7,1,1,1,1,3,7.6,7.2,4.8,2.9
19.08829569,1,0,36,7,13,2,1,0,1,1,4.6,7.6,5.7,5.6,8.3
4.369609856,1,0,30,2,6,7,1,1,1,0,6.2,3.4,8,3.3,3.7
80.98562628,1,0,32,10,6,4,0,1,1,0,3.8,6.2,8,4,6
9.100616016,1,0,33,10,6,2,1,1,1,1,7,4.8,4.1,7.1,8.3
36.92813142,1,0,49,11,1,2,0,0,1,0,4.6,6.2,4.9,5.6,6.7
3.975359343,1,0,29,10,6,2,2,1,1,0,7.8,5.5,5.7,4,5.2
3.975359343,1,0,29,10,6,2,2,1,1,0,6.2,6.2,5.7,6.3,2.9
3.975359343,1,0,29,10,6,2,2,1,1,0,7,6.2,5.7,4,3.7
7.589322382,1,1,36,6,6,2,1,1,1,2,4.6,4.8,7.2,6.3,7.5
95.21149897,1,0,22,11,12,1,0,1,1,0,8.6,4.8,4.9,4,6.7
41.69199179,1,0,21,15,6,2,2,0,1,2,7.8,5.5,2.6,7.1,9
14.9486653,1,0,25,10,6,2,1,0,1,0,8.6,6.2,3.3,6.3,6
50.72689938,1,1,38,14,6,4,1,1,1,1,6.2,3.4,7.2,6.3,3.7
50.72689938,1,1,38,14,6,4,1,1,1,1,7,5.5,5.7,6.3,6
35.28542094,1,0,23,4,6,2,2,0,1,0,10,4.8,4.1,5.6,8.3
35.28542094,1,0,23,4,6,2,2,0,1,0,8.6,4.8,4.1,6.3,9
35.94250513,1,1,38,2,1,5,1,1,1,1,8.6,3.4,6.4,4,6
15.57289528,1,0,24,10,6,7,1,0,1,2,6.2,7.6,3.3,3.3,6.7
15.57289528,1,0,24,10,6,7,1,0,1,2,6.2,7.6,3.3,3.3,6.7
52.96098563,1,0,36,14,6,4,0,1,1,1,4.6,4.1,8,5.6,6
7.819301848,1,0,21,11,11,1,0,1,0,0,4.6,5.5,7.2,3.3,5.2
81.83983573,1,0,29,12,6,4,0,0,1,2,3.8,6.9,6.4,5.6,8.3
55.72073922,1,0,29,2,6,2,0,0,1,0,7,6.2,4.1,4,4.4
4.336755647,1,0,26,14,6,6,1,0,1,1,3.8,4.8,5.7,7.9,2.9
18.95687885,1,1,36,13,14,4,0,1,1,1,6.2,4.1,6.4,6.3,5.2
18.95687885,1,1,36,13,14,4,0,1,1,1,8.6,2.6,7.2,4.8,4.4
53.81519507,1,0,30.40033257,11,12,5,1,1,1,2,4.6,9.1,4.1,4,6
90.51334702,1,0,22,11,6,6,0,0,1,0,6.2,5.5,3.3,6.3,6.7
40.57494867,1,1,29,2,9,4,1,0,1,0,6.2,4.8,6.4,5.6,5.2
59.49897331,1,0,23,11,12,1,1,0,1,0,7,5.5,3.3,6.3,5.2
6.603696099,1,1,22,14,14,1,1,0,1,2,7.8,5.5,1,9.4,9
44.78028747,1,0,36,13,6,4,1,1,1,0,7.8,4.8,4.9,5.6,9
6.669404517,1,1,27,11,12,4,1,0,1,0,6.2,5.5,6.4,4,4.4
15.70431211,0,0,34,10,6,2,1,0,1,1,8.6,5.5,4.1,5.6,6.7
15.70431211,0,0,34,10,6,2,1,0,1,1,8.6,3.4,4.1,7.1,6
15.70431211,0,0,34,10,6,2,1,0,1,1,7.8,4.1,4.1,7.1,6.7
59.20328542,1,0,25,2,6,5,1,0,1,0,5.4,4.8,7.2,5.6,5.2
59.20328542,1,0,25,2,6,5,1,0,1,0,4.6,4.1,8.7,5.6,2.1
17.3798768,1,0,24,4,6,4,1,0,1,0,5.4,6.9,4.9,4,6.7
38.86652977,1,0,27,10,13,6,2,1,1,0,5.4,6.9,2.6,5.6,8.3
7.950718686,1,0,34,2,1,0,0,1,1,1,7,6.2,7.2,2.5,5.2
7.950718686,1,0,34,2,1,0,0,1,1,1,8.6,6.9,5.7,3.3,4.4
96.52566735,1,0,24,5,6,0,1,0,1,0,6.2,4.8,7.2,4,6.7
86.53798768,1,0,23,11,12,6,2,0,1,0,3.8,6.9,8,1.7,2.1
52.862423,1,0,38,12,6,7,1,1,1,1,4.6,5.5,7.2,6.3,7.5
17.57700205,1,0,25,2,6,2,1,1,1,0,6.2,6.2,5.7,5.6,7.5
17.57700205,1,0,25,2,6,2,1,1,1,0,6.2,7.6,4.1,4.8,9
25.06776181,1,0,28,14,6,7,0,1,1,0,6.2,4.8,4.1,4,6.7
86.83367556,1,0,29,14,6,4,0,0,1,1,7,5.5,1.8,6.3,6
13.10882957,1,1,26,13,2,4,1,1,1,1,6.2,4.1,4.9,6.3,2.9
26.18480493,1,1,21,13,9,6,1,1,1,0,4.6,6.9,4.1,5.6,6
9.626283368,1,0,25,4,6,7,0,0,1,0,5.4,6.9,5.7,3.3,2.9
9.889117043,1,0,25,4,6,7,0,0,1,0,5.4,6.9,5.7,3.3,2.9
3.351129363,1,0,24,4,6,7,1,0,1,0,4.6,6.9,5.7,5.6,2.9
15.3100616,1,0,31,11,6,4,1,1,0,0,2.2,1,8,8.7,3.7
80.06570842,1,0,45,10,6,2,1,0,1,0,3,5.5,10,6.3,2.9
16.78850103,1,0,21,13,13,4,0,0,1,0,7,6.9,5.7,4,5.2
19.44969199,1,0,22,13,6,7,0,0,1,0,5.4,6.2,4.1,8.7,8.3
9.034907598,1,0,37,6,2,0,2,1,1,0,3.8,7.6,4.9,7.1,9
18.49691992,1,0,32,13,6,2,0,1,1,0,7.8,6.2,3.3,4,8.3
53.19096509,1,0,37,14,6,4,0,1,1,0,7,4.8,5.7,6.3,8.3
42.57905544,1,0,30,10,6,0,1,0,1,0,6.2,6.2,5.7,5.6,8.3
23.6550308,1,0,37,15,6,7,1,1,1,0,6.2,5.5,5.7,6.3,9
41.29774127,1,0,22,7,6,4,1,1,1,0,3.8,1.9,8.7,6.3,4.4
41.29774127,1,0,22,7,6,4,1,1,1,0,5.4,2.6,8,7.1,5.2
123.3347023,1,0,22,2,7,6,0,1,1,0,4.6,4.8,6.4,7.1,6
123.3347023,1,0,22,2,7,6,0,1,1,0,4.6,6.2,6.4,4,6.7
13.17453799,1,1,28,12,7,4,1,1,1,1,8.6,6.2,1,5.6,6.7
13.17453799,1,1,28,12,7,4,1,1,1,1,7,6.2,2.6,5.6,8.3
14.85010267,1,1,25,14,6,2,0,0,1,1,6.2,5.5,5.7,5.6,4.4
24.24640657,1,0,23,3,9,4,0,0,1,0,3.8,7.6,7.2,2.5,4.4
12.09034908,1,1,25,3,6,7,2,0,1,0,7,4.8,4.9,5.6,6
11.49897331,1,0,26,2,6,7,1,0,1,0,4.6,6.2,5.7,4,6
11.49897331,1,0,26,2,6,7,1,0,1,0,4.6,5.5,6.4,5.6,5.2
27.36755647,1,1,30,10,11,7,1,1,1,1,7,4.8,1.8,8.7,6.7
15.54004107,1,1,38,5,7,6,1,1,1,1,6.2,4.1,1.8,8.7,8.3
4.960985626,1,0,37,11,9,5,1,0,1,2,9.4,4.1,4.9,4,8.3
19.8110883,1,0,26,1,8,4,1,1,0,0,5.4,4.8,8.7,5.6,2.9
103.3921971,1,0,27,2,6,7,1,0,1,1,3.8,4.8,9.5,6.3,3.7
3.975359343,1,0,29,10,13,2,1,1,1,0,7.8,5.5,5.7,4,5.2
3.975359343,1,0,29,10,13,2,1,1,1,0,6.2,6.2,5.7,6.3,2.9
3.975359343,1,0,29,10,13,2,1,1,1,0,7,6.2,5.7,4,3.7
70.93223819,1,0,26,14,6,4,1,1,1,0,3.8,5.5,8.7,3.3,3.7
70.93223819,1,0,26,14,6,4,1,1,1,0,3,6.9,6.4,3.3,2.9
51.94250513,1,0,49,14,6,2,0,1,1,0,6.2,8.4,3.3,3.3,6
38.76796715,1,1,21,2,6,5,2,0,1,2,7.8,6.2,2.6,5.6,9
38.76796715,1,1,21,2,6,5,2,0,1,2,7,3.4,3.3,7.1,8.3
34.95687885,1,1,26,6,6,2,2,0,1,1,4.6,3.4,8.7,7.9,7.5
49.3798768,1,0,22,13,9,4,1,0,0,1,5.4,6.9,6.4,4,4.4
25.65913758,1,1,51,10,13,6,1,1,1,1,3,5.5,9.5,5.6,5.2
50.72689938,1,0,28,14,5,4,1,1,1,1,7.8,3.4,6.4,4,4.4
22.07802875,1,1,52,4,3,4,1,1,1,2,3,9.1,4.9,6.3,6.7
11.07186858,1,0,43,7,6,7,0,0,1,1,4.6,5.5,3.3,7.9,7.5
50.59548255,1,0,44,14,6,4,1,1,0,1,7,6.9,4.9,3.3,6
17.41273101,1,0,45,14,4,4,0,0,1,0,3.8,4.1,7.2,5.6,3.7
24.41067762,1,0,27,3,6,4,1,0,1,0,3.8,9.8,4.1,4,9
23.88501027,1,0,26,10,6,7,0,0,1,0,7,5.5,4.1,4.8,7.5
20.04106776,1,0,25,14,6,1,2,0,1,1,9.4,3.4,1.8,8.7,7.5
150.9979466,1,0,19,2,6,1,2,1,1,2,7,3.4,5.7,7.9,6.7
10.7761807,1,0,31,13,6,4,1,1,1,0,9.4,3.4,1,8.7,9.8
78.68583162,1,0,31,2,6,4,1,0,0,0,3.8,4.1,7.2,8.7,2.1
78.68583162,1,0,31,2,6,4,1,0,0,0,3.8,4.1,7.2,8.7,2.1
81.18275154,1,0,31,9,6,6,0,0,1,0,6.2,4.8,8.7,6.3,5.2
13.40451745,1,0,30.40033257,13,6,7,1,0,1,0,6.2,4.1,6.4,6.3,1
13.40451745,1,0,30.40033257,13,6,7,1,0,1,0,7,6.9,4.1,6.3,3.7
142.4558522,1,0,18,10,6,1,1,0,1,0,6.2,5.5,6.4,4.8,5.2
10.94045175,1,1,33,5,3,7,2,1,1,1,3,10,5.7,6.3,8.3
12.05749487,1,0,36,10,11,7,1,1,1,0,5.4,4.8,4.9,4.8,6
54.07802875,1,0,31,13,6,2,0,1,1,1,3,5.5,7.2,5.6,6
5.650924025,1,0,45,5,6,4,1,1,1,1,7.8,4.8,4.1,4,6
19.84394251,1,0,29,10,6,2,0,0,1,1,8.6,6.9,4.9,3.3,6
79.86858316,1,1,23,2,6,4,1,0,1,0,5.4,5.5,5.7,8.7,5.2
8.772073922,1,0,27,10,6,4,0,0,1,1,6.2,4.8,6.4,6.3,2.9
19.18685832,1,0,22,10,11,7,2,1,0,0,8.6,4.1,4.9,4.8,5.2
7.589322382,1,1,47,14,2,2,1,1,0,0,3.8,1.9,8.7,8.7,2.1
7.589322382,1,1,47,14,2,2,1,1,0,0,4.6,4.1,5.7,9.4,3.7
7.589322382,1,1,47,14,2,2,1,1,0,0,3,5.5,4.9,9.4,4.4
10.84188912,1,0,30.40033257,4,6,7,1,1,1,0,7.8,5.5,4.9,7.1,6
51.08829569,1,0,28,15,6,4,0,0,1,1,4.6,6.9,4.9,4,6
128.0657084,0,0,43,14,6,4,0,1,1,0,4.6,7.6,4.9,5.6,6
28.35318275,1,1,26,4,3,6,1,0,1,0,8.6,5.5,4.1,7.1,6.7
4.533880903,1,0,31,10,11,0,1,0,0,0,5.4,5.5,7.2,4.8,1.3
17.93839836,1,1,24,10,6,2,0,0,0,0,4.6,7.6,6.4,4.8,6.7
23.45790554,1,0,27,3,6,4,1,0,1,0,3.8,9.8,4.1,4,9
16.22997947,1,1,35,10,6,4,1,1,1,1,6.2,5.5,5.7,4,2.9
16.22997947,1,1,35,10,6,4,1,1,1,1,7,4.8,2.6,5.6,6
71.2936345,1,0,31,8,6,7,0,0,1,1,5.4,4.1,6.4,4.8,4.4
9.527720739,1,1,23,5,6,2,1,0,1,0,7,4.1,6.4,4.8,5.2
17.01848049,1,0,40,2,11,1,0,0,1,1,5.4,4.1,4.9,6.3,7.5
130.9897331,1,0,31,5,6,0,1,1,1,0,5.4,6.9,3.3,4,8.3
37.09240246,1,0,37,13,6,7,2,0,1,0,6.2,6.2,6.4,5.6,5.2
0.427104723,1,0,24,5,6,7,2,0,1,0,8.6,4.1,4.9,3.3,6
12.8788501,1,0,23,3,6,2,1,0,0,0,5.4,8.4,4.1,4.8,6
12.8788501,1,0,23,3,6,2,1,0,0,0,7.8,5.5,4.1,4.8,5.2
8.147843943,1,0,46,9,6,4,1,1,1,1,4.6,7.6,6.4,4,6
7.326488706,1,0,23,4,9,7,2,0,1,0,6.2,4.8,5.7,3.3,3.7
17.93839836,1,0,40,5,6,2,2,1,1,0,3,8.4,7.2,4.8,8.3
14.6201232,1,1,39,14,4,5,1,1,1,1,3.8,4.8,5.7,7.9,3.7
16,1,0,28,10,6,7,1,0,1,1,3,5.5,6.4,5.6,3.7
32.45995893,1,1,40,13,6,2,2,1,1,1,5.4,3.4,5.7,7.9,9.8
73.49486653,1,1,33,10,5,4,1,0,1,0,2.2,6.2,6.4,6.3,5.2
73.49486653,1,1,33,10,5,4,1,0,1,0,3.8,4.1,8,6.3,4.4
11.8275154,1,0,24,2,6,6,1,0,1,2,7.8,6.2,4.9,1.7,3.7
46.35728953,1,0,38,10,6,4,1,1,1,0,6.2,4.1,4.9,5.6,6.7
52.50102669,1,1,35,14,1,4,1,1,1,1,5.4,4.8,4.1,7.9,7.5
14.98151951,1,0,33,14,6,6,0,1,1,1,4.6,4.8,7.2,7.9,6
26.21765914,1,0,36,13,6,2,1,1,1,2,3,6.9,6.4,4.8,6
26.21765914,1,0,36,13,6,2,1,1,1,2,2.2,6.9,8,6.3,3.7
26.21765914,1,0,36,13,6,2,1,1,1,2,3,6.9,7.2,4.8,5.2
29.07597536,1,0,22,13,6,7,2,0,1,0,9.4,4.1,4.1,4.8,9
33.3798768,1,0,38,14,6,4,1,1,1,0,7.8,2.6,5.7,7.1,5.2
5.848049281,1,0,23,2,6,4,2,0,1,0,4.6,6.9,7.2,5.6,4.4
5.848049281,1,0,23,2,6,4,2,0,1,0,6.2,4.8,4.9,4.8,3.7
77.53593429,1,0,24,13,11,4,0,0,1,0,6.2,5.5,5.7,3.3,2.1
166.275154,1,1,26,10,11,5,1,1,1,1,3,5.5,5.7,7.1,6.7
107.1704312,1,0,33,13,13,1,1,1,1,0,5.4,1,9.5,9.4,5.2
19.44969199,1,0,40,2,6,2,2,0,0,0,6.2,3.4,8,3.3,3.7
8.640657084,1,0,23,14,14,0,1,0,1,1,3.8,4.1,8.7,4,2.9
13.66735113,1,0,27,10,6,7,1,1,1,1,8.6,4.8,7.2,4,3.7
6.275154004,1,0,24,8,11,2,0,0,1,0,5.4,6.2,4.1,6.3,9.8
23.19507187,1,0,30,2,6,4,1,0,1,1,5.4,7.6,2.6,5.6,6
16.32854209,1,0,37,7,13,2,1,0,1,1,4.6,7.6,5.7,5.6,8.3
26.11909651,1,0,31,14,6,4,1,1,0,0,3,7.6,4.9,5.6,5.2
35.38398357,1,0,31,10,6,0,1,1,1,0,3.8,10,3.3,3.3,6.7
25.98767967,1,0,23,5,6,7,0,0,1,0,1.4,2.6,9.5,8.7,2.1
3.58110883,1,0,40,2,6,2,1,0,1,0,7.8,5.5,2.6,6.3,8.3
3.58110883,1,0,40,2,6,2,1,0,1,0,8.6,5.5,3.3,6.3,7.5
3.58110883,1,0,40,2,6,2,1,0,1,0,7,6.9,4.1,5.6,7.5
1.708418891,1,0,37,13,9,7,1,0,1,0,4.6,2.6,8.7,4,2.9
25.23203285,1,0,30,10,11,7,1,0,1,0,4.6,2.6,7.2,6.3,5.2
13.8973306,1,0,38,11,12,6,1,0,1,2,3,9.1,4.1,4.8,6
63.11293634,1,1,32,6,8,4,1,0,1,0,3,4.8,4.1,7.1,7.5
11.30184805,1,0,34,3,9,6,1,1,0,1,9.4,3.4,4.9,3.3,6
11.69609856,1,0,25,14,6,7,0,0,0,1,3,4.8,7.2,7.9,5.2
11.69609856,1,0,25,14,6,7,0,0,0,1,3,5.5,5.7,7.1,5.2
30.22587269,0,1,33,10,6,2,0,0,1,1,4.6,6.2,8,7.1,5.2
30.22587269,0,1,33,10,6,2,0,0,1,1,5.4,7.6,5.7,7.1,6
38.01232033,0,1,33,10,6,4,0,1,1,1,3,4.1,8,7.1,3.7
21.61806982,1,1,37,14,14,4,1,1,0,0,3.8,4.8,4.9,7.1,6.7
39.06365503,1,0,31,14,6,4,0,0,1,0,6.2,4.8,4.1,4.8,5.2
138.9404517,0,0,30,9,1,6,0,1,1,2,5.4,6.9,2.6,5.6,8.3
23.6550308,1,1,26,14,4,6,0,1,1,0,4.6,5.5,8.7,5.6,1.3
20.56673511,1,1,33,2,13,7,1,1,1,1,6.2,4.1,3.3,8.7,9.8
94.12731006,0,0,25,10,6,7,1,1,0,1,6.2,3.4,6.4,6.3,7.5
2.102669405,0,0,32,13,9,4,0,1,1,2,5.4,5.5,3.3,7.9,8.3
96.65708419,0,0,36,10,6,0,1,1,1,1,6.2,6.2,5.7,4,5.2
34.49691992,0,0,38,3,6,6,1,1,1,1,1.4,4.8,5.7,6.3,6.7
46.78439425,1,0,23,10,9,1,0,0,1,1,3,6.2,8.7,4.8,6
80.16427105,1,0,26,11,14,6,1,0,1,2,4.6,5.5,8,4.8,5.2
11.89322382,1,0,24,2,6,4,1,0,1,2,7.8,6.2,4.9,1.7,3.7
79.86858316,1,0,25,10,6,2,1,1,1,0,7.8,6.9,3.3,3.3,5.2
2.201232033,1,0,33,2,6,4,1,0,1,1,5.4,6.2,7.2,2.5,5.2
16.82135524,0,0,32,7,11,4,1,0,1,0,5.4,7.6,8.7,2.5,2.9
6.045174538,0,0,44,2,6,0,1,0,1,1,4.6,4.8,8.7,4.8,6
1.741273101,1,0,24,4,3,7,1,0,0,0,6.2,4.8,8,4,2.9
24.18069815,1,0,23,14,6,7,0,0,1,0,6.2,3.4,6.4,4.8,3.7
38.01232033,0,0,25,14,6,7,1,0,1,0,6.2,3.4,6.4,4.8,3.7
5.749486653,1,0,34,13,6,2,1,1,1,1,8.6,5.5,1,6.3,9.8
12.02464066,1,1,30,10,11,4,1,1,0,1,5.4,4.1,4.9,6.3,6
8.31211499,1,0,29,11,12,1,1,0,1,2,9.4,5.5,3.3,3.3,5.2
15.21149897,1,0,30,6,6,7,0,0,1,1,4.6,6.9,7.2,3.3,6.7
93.9301848,0,0,29,5,6,4,1,0,1,0,4.6,7.6,7.2,2.5,4.4
27.56468172,0,0,26,0,6,7,0,0,1,1,3,6.9,7.2,4.8,5.2
49.14989733,1,0,28,10,6,4,0,1,1,0,7.8,6.9,4.1,3.3,7.5
86.6036961,1,0,33,0,6,7,0,1,1,0,3.8,8.4,8,4,4.4
86.6036961,1,0,33,0,6,7,0,1,1,0,4.6,9.1,4.9,3.3,2.9
53.35523614,1,0,27,10,6,4,1,1,1,2,7,5.5,4.9,6.3,8.3
139.0718686,1,0,32,11,12,4,1,0,1,0,7.8,4.8,4.1,3.3,7.5
28.35318275,1,0,31,2,6,2,1,0,0,0,7,6.2,1,9.4,7.5
23.12936345,0,0,23,10,6,7,2,0,1,0,6.2,4.8,7.2,4,6.7
15.14579055,1,1,22,8,13,5,1,1,1,0,6.2,2.6,7.2,5.6,6.7
160.0657084,1,0,24,12,6,6,1,1,1,0,1,6.9,9.5,4.8,7.5
19.71252567,1,0,23,10,11,2,0,0,1,0,7,4.8,4.1,5.6,6.7
16.82135524,0,0,32,10,6,4,1,0,1,0,3,4.1,7.2,7.1,8.3
15.86858316,0,1,42,14,1,7,1,1,1,1,1.4,4.1,9.5,7.1,5.2
70.30800821,1,1,22,8,9,4,1,1,1,0,5.4,4.1,8.7,4,2.1
2.792607803,1,1,39,2,1,7,1,0,1,0,7.8,4.8,1.8,8.7,8.3
13.01026694,1,1,34,13,6,2,1,1,0,0,3.8,2.6,8,9.4,6
88.90349076,0,0,30,11,6,7,1,1,1,0,4.6,2.6,7.2,7.1,6.7
123.0718686,1,0,28,10,9,4,1,0,1,1,3,8.4,3.3,7.9,8.3
59.99178645,0,0,31,10,1,6,1,1,1,1,4.6,4.8,8,4.8,6.7
59.99178645,0,0,31,10,1,6,1,1,1,1,6.2,6.9,7.2,4.8,5.2
26.67761807,1,0,32,13,6,7,2,0,1,0,3,8.4,7.2,6.3,7.5
18.00410678,0,0,40,14,6,7,1,1,1,0,3,6.9,4.9,5.6,6
16.59137577,1,0,22,5,14,7,2,0,1,0,8.6,6.2,2.6,5.6,9.8
2.759753593,1,0,41,2,6,4,1,1,1,0,3.8,8.4,2.6,4.8,7.5
23.68788501,1,0,24,14,6,4,0,0,0,0,3,4.8,7.2,7.9,5.2
23.68788501,1,0,24,14,6,4,0,0,0,0,3,5.5,5.7,7.1,5.2
16.42710472,1,0,26,13,4,2,1,1,1,0,6.2,5.5,3.3,6.3,8.3
45.96303901,1,0,36,9,14,4,1,1,1,0,5.4,5.5,7.2,4.8,4.4
12.02464066,1,1,30,10,11,4,1,1,0,1,5.4,4.1,4.9,6.3,6
73.65913758,1,0,30,10,6,7,2,0,1,0,4.6,4.8,5.7,8.7,6
2.759753593,0,0,31,5,6,7,1,1,1,0,7,3.4,8,7.9,6
26.94045175,1,0,24,7,6,2,1,0,1,0,5.4,4.8,4.9,4.8,5.2
2.431211499,1,0,28,5,6,7,1,0,1,0,6.2,3.4,4.9,7.9,7.5
68.27104723,1,0,24,13,10,6,1,0,1,2,7,4.1,2.6,7.9,7.5
68.27104723,1,0,24,13,10,6,1,0,1,2,7.8,6.2,2.6,5.6,6.7
1.642710472,1,0,44,13,6,7,1,1,1,0,4.6,7.6,5.7,2.5,6
76.15605749,0,0,24,10,6,4,2,1,1,1,7,6.2,1.8,6.3,7.5
12.35318275,1,1,39,10,14,2,1,1,1,1,6.2,3.4,6.4,6.3,7.5
58.21765914,0,0,35,12,1,6,0,0,1,0,8.6,5.5,3.3,4.8,6.7
32.49281314,1,0,40,10,6,0,1,1,1,1,6.2,6.2,5.7,4.8,7.5
6.275154004,1,0,30.40033257,10,9,7,2,0,1,0,7.8,6.2,4.9,4,8.3
5.026694045,1,0,26,2,6,7,1,0,0,0,4.6,6.2,5.7,4,6
5.026694045,1,0,26,2,6,7,1,0,0,0,4.6,5.5,6.4,5.6,5.2
22.66940452,0,0,31,13,6,2,1,0,1,0,5.4,5.5,4.9,5.6,6.7
27.36755647,0,0,26,5,6,2,2,0,1,0,9.4,6.2,2.6,4,6
27.36755647,0,0,26,5,6,2,2,0,1,0,6.2,7.6,4.1,3.3,6.7
150.1437372,1,0,33,7,6,2,1,0,1,1,5.4,3.4,5.7,7.1,5.2
53.2238193,0,0,23,4,6,2,2,0,1,2,8.6,5.5,2.6,4.8,7.5
5.9137577,0,0,32,10,6,4,1,0,1,0,3.8,6.2,8,4,6.7
53.97946612,1,1,28,13,7,7,1,1,1,0,7.8,6.9,2.6,6.3,7.5
73.82340862,0,0,26,10,13,7,1,1,1,1,10,5.5,2.6,6.3,6.7
27.49897331,1,0,27,13,6,0,1,0,1,0,3.8,1.9,9.5,7.1,2.1
44.48459959,0,1,22,5,7,4,0,1,1,2,4.6,2.6,6.4,9.4,6
54.01232033,1,1,37,5,7,4,1,1,1,0,10,3.4,3.3,6.3,10
8.574948665,1,1,38,1,6,2,1,0,1,0,4.6,4.1,4.1,8.7,8.3
64.29568789,1,1,44,10,11,7,1,1,0,0,2.2,5.5,8.7,7.1,6.7
27.23613963,0,0,27,13,13,2,1,1,1,0,7,6.9,5.7,3.3,6.7
23.9835729,1,0,23,1,3,6,2,1,1,0,4.6,6.9,7.2,3.3,2.1
23.9835729,1,0,23,1,3,6,2,1,1,0,4.6,6.9,7.2,2.5,2.9
23.9835729,1,0,23,1,3,6,0,1,1,0,4.6,6.9,7.2,3.3,2.1
23.9835729,1,0,23,1,3,6,0,1,1,0,4.6,6.9,7.2,2.5,2.9
37.78234086,1,0,34,3,6,7,0,0,1,0,4.6,2.6,5.7,7.9,7.5
17.80698152,0,1,23,12,4,2,1,1,0,0,3.8,9.1,8.7,4.8,5.2
95.44147844,0,0,25,10,6,7,1,1,0,0,6.2,3.4,6.4,6.3,7.5
27.59753593,0,0,26,10,6,5,1,0,1,0,4.6,6.2,5.7,6.3,4.4
27.59753593,0,0,26,10,6,5,1,0,1,0,3.8,4.1,8.7,7.9,5.2
72.41067762,0,0,30,10,13,7,1,0,0,0,6.2,2.6,6.4,5.6,6
2.98973306,1,1,45,12,1,3,0,1,1,0,3,8.4,7.2,7.1,6
11.53182752,0,0,31,15,3,3,1,1,1,0,5.4,6.2,6.4,4,3.7
11.53182752,0,0,31,15,3,3,1,1,1,0,3.8,3.4,8,6.3,6
23.52361396,1,0,36,14,13,2,0,0,1,2,4.6,4.1,4.9,5.6,3.7
23.52361396,1,0,36,14,13,2,0,0,1,2,6.2,4.8,5.7,4,2.9
40.04928131,0,0,29,8,2,7,1,1,0,1,5.4,6.2,4.1,5.6,8.3
54.04517454,1,0,30,12,6,7,2,0,1,2,5.4,4.1,4.9,8.7,7.5
20.92813142,1,0,23,14,4,7,2,1,1,0,3,6.9,5.7,7.9,5.2
20.92813142,1,0,23,14,4,7,2,1,1,0,4.6,6.9,7.2,4.8,5.2
11.99178645,1,0,27,10,6,4,2,0,1,0,6.2,6.9,3.3,4.8,6.7
44.97741273,1,1,29,4,6,2,1,1,1,1,3,4.8,4.9,6.3,7.5
14.22587269,1,0,28,11,14,4,1,0,1,0,7,6.9,6.4,2.5,5.2
58.94045175,0,1,46,4,6,1,1,0,1,0,3,6.2,8,5.6,3.7
61.73305955,1,1,23,11,8,6,0,1,1,1,4.6,6.9,7.2,3.3,2.1
61.73305955,1,1,23,11,8,6,0,1,1,1,4.6,6.9,7.2,2.5,2.9
140.9445585,0,0,26,3,6,4,1,1,1,2,3.8,1.9,8.7,6.3,4.4
140.9445585,0,0,26,3,6,4,1,1,1,2,5.4,2.6,8,7.1,5.2
6.176591376,1,0,38,15,6,7,1,1,0,0,6.2,6.2,8,2.5,3.7
6.176591376,1,0,38,15,6,7,1,1,0,0,4.6,6.2,8,4,3.7
94.9486653,1,1,26,10,7,3,1,1,1,0,3.8,7.6,7.2,7.9,4.4
70.17659138,0,0,31,10,6,7,0,0,1,0,4.6,5.5,7.2,3.3,2.9
70.17659138,0,0,31,10,6,7,0,0,1,0,4.6,5.5,7.2,4.8,3.7
57.23203285,1,0,36,3,6,0,1,0,1,0,3.8,5.5,6.4,5.6,6
45.73305955,0,0,33,8,6,2,0,0,1,1,7.8,6.2,6.4,7.9,6
45.73305955,0,0,33,8,6,2,0,0,1,1,3.8,3.4,5.7,8.7,7.5
29.01026694,1,0,28,3,1,6,1,1,1,2,9.4,3.4,4.9,3.3,6
11.99178645,1,0,27,10,6,6,2,0,1,0,6.2,6.9,3.3,4.8,6.7
27.36755647,0,0,26,2,7,7,0,1,0,1,6.2,5.5,4.9,5.6,6.7
105.9219713,0,0,28,10,6,7,1,1,1,0,5.4,3.4,7.2,6.3,3.7
3.449691992,1,0,40,10,6,7,1,1,0,1,6.2,5.5,4.9,4.8,7.5
4.533880903,1,1,23,13,9,3,0,1,1,0,1.4,9.8,6.4,3.3,6
35.77823409,1,0,22,5,7,2,0,1,0,0,7,4.1,5.7,5.6,8.3
40.31211499,0,0,29,14,6,4,0,1,1,2,6.2,3.4,4.1,7.9,7.5
40.31211499,0,0,29,14,6,4,0,1,1,2,6.2,3.4,4.1,7.9,7.5
2.201232033,1,1,23,11,13,4,0,1,1,0,6.2,2.6,7.2,6.3,7.5
40.3449692,0,0,29,14,6,4,0,1,1,2,6.2,3.4,4.1,7.9,7.5
40.37782341,0,0,29,14,6,4,0,1,1,2,6.2,3.4,4.1,7.9,7.5
11.23613963,1,1,26,5,7,2,1,1,1,0,3.8,4.8,6.4,8.7,6
85.09240246,0,0,26,15,6,7,2,0,1,0,7.8,4.8,6.4,4.8,6
9.823408624,1,1,26,3,4,2,0,1,1,0,4.6,5.5,5.7,8.7,6
64.19712526,0,1,19,5,7,7,1,1,1,0,4.6,6.2,7.2,5.6,6
14.45585216,0,0,33,10,6,7,1,1,0,0,6.2,4.8,6.4,2.5,4.4
21.15811088,1,0,24,4,3,4,0,0,1,0,6.2,4.8,8,4,2.9
28.78028747,0,0,31,10,0,7,1,0,1,0,7,2.6,7.2,4.8,4.4
155.1704312,1,0,33,7,6,2,1,0,1,1,5.4,3.4,5.7,7.1,5.2
13.86447639,1,0,22,5,6,4,1,1,1,0,7,2.6,7.2,6.3,6
13.01026694,1,0,25,2,6,2,0,1,1,0,9.4,6.2,3.3,2.5,6.7
2.759753593,0,0,28,1,6,3,1,1,1,0,6.2,5.5,3.3,6.3,8.3
2.825462012,0,0,32,12,6,7,1,0,1,0,7,5.5,3.3,7.1,6.7
4.008213552,1,0,22,15,6,7,1,1,1,0,2.2,8.4,4.9,7.1,6.7
10.34907598,1,0,37,4,5,2,1,1,1,0,7,7.6,2.6,5.6,8.3
34.03696099,1,0,27,10,6,2,1,0,0,1,7.8,4.8,3.3,5.6,6.7
34.03696099,1,0,27,10,6,2,1,0,0,1,10,4.1,1.8,6.3,8.3
11.95893224,1,0,35,12,6,2,0,0,1,2,6.2,4.1,6.4,5.6,6.7
164.5667351,0,0,27,12,9,1,1,0,1,1,3.8,4.8,4.9,6.3,5.2
32.95277207,1,1,24,4,6,2,1,0,1,2,2.2,4.1,6.4,9.4,6
5.32238193,1,0,25,2,6,7,0,0,0,0,5.4,3.4,8,6.3,2.1
40.3449692,1,0,23,2,7,7,0,1,1,0,5.4,6.2,3.3,4,6
34.23408624,0,0,24,5,6,2,0,0,1,0,8.6,6.9,4.9,1.7,4.4
96,1,1,31,10,7,7,1,1,1,0,4.6,2.6,6.4,10,4.4
7.030800821,1,1,35,10,11,7,1,1,1,2,5.4,6.2,4.9,4,2.9
26.94045175,1,0,21,11,10,2,1,0,1,0,3,5.5,7.2,5.6,2.1
115.5482546,0,0,19,10,6,4,2,0,1,0,7,6.2,5.7,2.5,5.2
28.58316222,1,0,21,4,6,2,2,0,1,0,7,9.1,1.8,4.8,6
26.31622177,1,0,24,3,13,3,1,1,0,0,5.4,4.1,2.6,7.9,6
29.27310062,0,0,35,7,6,0,0,0,1,0,5.4,4.8,5.7,4,3.7
57.82340862,1,1,25,10,11,7,0,1,1,1,7,5.5,4.1,6.3,8.3
133.9137577,1,1,19,14,0,3,1,0,1,1,6.2,3.4,5.7,7.1,6.7
133.9137577,1,1,19,14,0,3,1,0,1,1,4.6,6.9,5.7,7.1,5.2
39.72073922,0,0,30.40033257,2,6,3,0,0,1,0,6.2,6.2,4.1,2.5,5.2
38.01232033,0,0,35,14,6,7,1,1,1,0,7.8,1.9,3.3,4,6.7
27.40041068,0,0,43,11,8,4,1,1,1,1,4.6,5.5,6.4,4,5.2
25.42915811,1,0,22,4,6,2,2,1,1,0,6.2,4.8,3.3,7.1,9
32.52566735,1,0,48,3,6,4,1,1,1,0,6.2,6.2,6.4,3.3,6.7
23.2936345,0,0,29,5,7,2,2,1,1,1,9.4,6.2,4.1,4.8,7.5
23.2936345,0,0,29,5,7,2,2,1,1,1,7,6.2,5.7,4.8,5.2
49.28131417,0,0,33,8,6,2,0,0,1,1,7.8,6.2,6.4,7.9,6
49.28131417,0,0,33,8,6,2,0,0,1,1,3.8,3.4,5.7,8.7,7.5
18.1026694,1,0,44,10,6,4,1,1,0,0,3,6.9,4.1,7.9,5.2
8.180698152,1,0,24,5,6,2,0,1,1,2,7,5.5,4.9,4.8,2.9
42.48049281,1,0,42,4,6,3,1,1,1,0,3,6.9,6.4,5.6,6
42.48049281,1,0,42,4,6,3,1,1,1,0,7,6.2,5.7,4.8,4.4
129.8069815,1,0,22,11,12,5,0,0,0,0,3,4.8,5.7,4.8,3.7
8.016427105,1,1,41,5,7,4,1,1,1,0,3.8,4.1,5.7,5.6,4.4
9.100616016,1,0,26,11,6,6,1,1,1,1,5.4,6.2,7.2,4.8,6.7
26.15195072,1,1,31,3,4,7,1,1,1,0,5.4,4.1,8.7,6.3,4.4
66.49691992,1,0,38,3,6,7,1,1,1,0,7,4.1,4.9,5.6,6.7
10.02053388,0,1,38,1,6,7,1,0,1,1,7.8,2.6,4.1,7.9,6.7
6.53798768,1,0,26,4,6,7,1,0,0,0,7,6.2,4.1,4.8,8.3
0.492813142,0,0,29,10,6,2,0,0,0,0,4.6,5.5,1.8,7.1,6.7
0.492813142,0,0,29,10,6,2,0,0,0,0,4.6,1,5.7,8.7,2.9
0.492813142,0,0,29,10,6,2,0,0,0,0,5.4,4.8,8,9.4,2.9
2.858316222,1,0,38,3,6,0,1,1,1,1,5.4,5.5,4.9,4.8,4.4
2.858316222,1,0,38,3,6,0,1,1,1,1,6.2,6.2,4.9,3.3,2.9
48.45995893,0,1,35,5,7,3,1,1,1,0,7,5.5,2.6,5.6,9
15.14579055,0,0,39,13,14,0,1,0,1,0,3.8,7.6,4.9,7.1,9
133.8809035,1,1,19,14,0,4,1,0,1,1,6.2,3.4,5.7,7.1,6.7
133.8809035,1,1,19,14,0,4,1,0,1,1,4.6,6.9,5.7,7.1,5.2
32.88706366,0,0,26,5,6,2,0,0,1,0,9.4,6.2,2.6,4,6
32.88706366,0,0,26,5,6,2,0,0,1,0,6.2,7.6,4.1,3.3,6.7
63.14579055,1,1,32,6,8,3,1,0,1,0,3,4.8,4.1,7.1,7.5
8.969199179,1,0,26,11,6,2,2,1,1,1,5.4,6.2,7.2,4.8,6.7
36.59958932,0,1,33,10,6,2,1,0,1,1,4.6,6.2,8,7.1,5.2
36.59958932,0,1,33,10,6,2,1,0,1,1,5.4,7.6,5.7,7.1,6
11.76180698,0,0,39,15,6,2,1,0,1,0,4.6,4.1,4.9,5.6,3.7
11.76180698,0,0,39,15,6,2,1,0,1,0,6.2,4.8,5.7,4,2.9
28.81314168,0,0,23,10,6,2,1,1,1,0,7,4.1,8,4.8,4.4
18.56262834,0,0,24,14,6,7,1,0,1,0,3.8,7.6,8,4.8,2.9
1.80698152,0,0,26,2,11,1,1,0,1,2,5.4,7.6,4.1,4.8,7.5
1.80698152,0,0,26,2,11,1,1,0,1,2,5.4,7.6,4.1,5.6,9
17.08418891,0,0,34,2,6,7,1,0,1,0,1.4,6.9,8,4,5.2
1.938398357,0,0,26,2,11,1,1,0,1,2,5.4,7.6,4.1,4.8,7.5
1.938398357,0,0,26,2,11,1,1,0,1,2,5.4,7.6,4.1,5.6,9
50.69404517,0,1,32,11,13,7,1,0,1,1,3.8,3.4,7.2,10,5.2
41.65913758,0,0,29,10,6,2,0,0,1,0,6.2,6.9,8.7,3.3,2.9
103.5893224,0,0,21,10,6,2,1,0,0,0,2.2,4.8,8.7,7.9,5.2
103.5893224,0,0,21,10,6,2,1,0,0,0,3.8,3.4,8.7,7.1,3.7
2.135523614,0,0,26,2,11,1,1,0,1,2,5.4,7.6,4.1,4.8,7.5
2.135523614,0,0,26,2,11,1,1,0,1,2,5.4,7.6,4.1,5.6,9
2.168377823,0,0,26,2,11,1,1,0,1,2,5.4,7.6,4.1,4.8,7.5
2.168377823,0,0,26,2,11,1,1,0,1,2,5.4,7.6,4.1,5.6,9
13.14168378,1,1,42,13,9,2,1,0,0,0,2.2,6.9,3.3,6.3,3.7
2.431211499,0,0,35,12,6,2,1,0,0,0,7,3.4,3.3,6.3,7.5
49.34702259,1,1,42,4,3,7,0,1,1,0,5.4,8.4,6.4,5.6,5.2
79.11293634,0,1,28,5,6,7,1,1,1,0,2.2,5.5,7.2,4.8,3.7
35.84394251,0,0,27,8,6,7,1,1,1,2,3,2.6,6.4,7.1,7.5
35.84394251,0,0,27,8,6,7,1,1,1,2,3,5.5,4.1,7.1,8.3
12.81314168,1,1,33,3,11,0,1,1,0,1,7.8,3.4,7.2,4,5.2
2.234086242,0,0,26,2,11,1,1,0,1,2,5.4,7.6,4.1,4.8,7.5
2.234086242,0,0,26,2,11,1,1,0,1,2,5.4,7.6,4.1,5.6,9
17.11704312,0,0,31,15,14,3,0,1,1,0,5.4,6.2,6.4,4,3.7
17.11704312,0,0,31,15,14,3,0,1,1,0,3.8,3.4,8,6.3,6
23.95071869,1,0,32,14,6,5,0,0,1,1,4.6,6.9,4.9,5.6,6
11.86036961,0,0,25,10,6,7,1,1,1,1,7.8,4.8,5.7,4.8,5.2
5.848049281,0,0,33,14,6,0,1,1,1,0,5.4,9.1,4.1,2.5,6
24.0164271,1,0,28,15,6,2,1,1,1,0,3.8,4.8,9.5,4.8,2.1
43.99178645,1,1,26,13,4,3,1,1,1,0,7.8,6.9,4.1,6.3,7.5
20.69815195,1,0,40,3,6,4,0,1,1,1,2.2,8.4,6.4,4.8,6.7
29.8973306,0,0,26,5,6,3,0,1,1,0,4.6,6.9,8,4,4.4
31.14579055,0,1,21,10,11,4,2,1,1,0,7.8,4.1,2.6,5.6,8.3
1.347022587,0,0,27,10,6,7,0,1,1,0,7,4.8,6.4,4.8,7.5
23.9835729,1,0,29,6,6,4,1,1,1,0,4.6,5.5,5.7,4.8,7.5
32.45995893,0,0,25,10,9,7,2,0,1,0,8.6,5.5,3.3,5.6,9.8
64.29568789,1,1,44,10,2,7,1,1,1,0,3,2.6,10,9.4,4.4
21.35523614,1,1,31,9,9,7,0,0,0,1,7.8,4.1,4.1,7.9,7.5
11.69609856,1,0,36,12,6,7,1,0,1,1,7,4.1,6.4,5.6,8.3
54.07802875,1,0,30,11,6,3,2,0,1,2,5.4,4.1,4.9,8.7,7.5
42.0862423,0,0,31,11,6,4,1,0,1,0,1.4,7.6,7.2,4,2.9
27.40041068,0,0,22,4,6,7,0,0,1,0,6.2,5.5,2.6,5.6,8.3
1.117043121,1,0,54,7,6,4,1,1,1,1,4.6,8.4,5.7,4,4.4
1.117043121,1,0,54,7,6,4,1,1,1,1,4.6,8.4,5.7,4,4.4
42.38193018,1,0,36,14,6,7,0,0,1,0,6.2,4.8,5.7,8.7,7.5
5.782340862,1,0,32,10,6,3,1,0,0,1,6.2,6.2,1.8,5.6,9
43.30184805,0,0,33,2,6,2,1,0,1,0,7,6.2,1,9.4,7.5
53.09240246,0,0,23,10,13,5,0,1,1,0,6.2,6.9,4.9,2.5,2.9
17.60985626,1,0,41,2,6,2,1,1,1,0,7.8,5.5,2.6,6.3,8.3
17.60985626,1,0,41,2,6,2,1,1,1,0,8.6,5.5,3.3,6.3,7.5
17.60985626,1,0,41,2,6,2,1,1,1,0,7,6.9,4.1,5.6,7.5
26.0862423,1,0,30,2,6,7,1,0,1,0,8.6,6.9,2.6,4,7.5
16.65708419,0,0,26,14,6,2,1,1,1,0,8.6,5.5,4.1,4,3.7
70.83367556,1,0,23,2,6,4,2,0,1,1,6.2,9.1,4.1,3.3,6.7
70.83367556,1,0,23,2,6,4,2,0,1,1,7,7.6,3.3,3.3,6.7
99.77823409,0,0,42,13,6,7,1,0,1,2,5.4,4.8,6.4,6.3,4.4
42.94045175,1,0,25,11,14,3,1,1,1,0,4.6,6.2,6.4,4,4.4
19.58110883,1,0,23,12,6,2,1,0,1,0,3.8,4.8,7.2,5.6,4.4
96,1,0,22,13,11,5,0,1,1,2,7,1.9,6.4,6.3,4.4
44.22176591,0,0,29,10,6,2,0,0,1,0,6.2,6.9,8.7,3.3,2.9
104.0164271,0,0,37,10,6,3,1,1,1,0,5.4,4.8,6.4,7.1,4.4
67.84394251,1,1,24,3,6,3,2,1,1,1,5.4,5.5,5.7,8.7,5.2
0.919917864,1,1,26,13,6,7,2,0,1,0,6.2,5.5,6.4,4,3.7
48.45995893,1,0,34,14,14,0,1,0,1,1,7,2.6,7.2,4.8,5.2
15.73716632,1,0,27,1,9,2,2,1,1,0,7,6.9,2.6,4,5.2
16.06570842,0,0,28,10,6,7,0,0,0,0,4.6,5.5,1.8,7.1,6.7
16.06570842,0,0,28,10,6,7,0,0,0,0,4.6,1,5.7,8.7,2.9
16.06570842,0,0,28,10,6,7,0,0,0,0,5.4,4.8,8,9.4,2.9
37.38809035,0,0,20,13,6,0,1,0,1,0,7.8,7.6,4.1,4,5.2
44.02464066,1,1,26,11,7,2,0,1,1,0,4.6,3.4,6.4,7.1,6
12.78028747,1,0,27,5,6,7,0,1,1,0,6.2,6.2,4.9,5.6,6
106.8418891,1,0,22,12,6,6,1,0,1,1,7,3.4,4.1,6.3,8.3
50.20123203,0,0,31,14,6,0,0,1,1,1,8.6,4.8,4.1,2.5,4.4
6.143737166,1,0,31,14,6,7,0,1,0,1,5.4,5.5,6.4,6.3,6.7
45.8973306,1,0,31,13,6,2,1,1,1,1,5.4,8.4,2.6,5.6,7.5
80.65708419,1,0,37,3,6,3,1,1,1,1,2.2,7.6,8,4,2.1
49.31416838,1,1,42,5,3,7,0,1,1,0,5.4,8.4,6.4,5.6,5.2
20.04106776,1,0,22,10,6,2,1,0,1,0,5.4,4.8,4.9,7.1,6.7
20.04106776,1,0,22,10,6,2,1,0,1,0,4.6,1.9,8,6.3,6
4.435318275,1,1,40,1,11,2,1,1,1,0,4.6,4.1,7.2,10,5.2
24.21355236,0,0,23,15,6,2,2,1,1,0,5.4,5.5,8,2.5,4.4
3.58110883,1,0,34,10,1,4,1,0,1,0,3,7.6,4.9,5.6,5.2
83.58110883,0,1,33,11,11,4,1,1,1,1,7,6.2,4.1,6.3,9
18.49691992,1,0,46,3,6,3,1,1,1,1,3.8,5.5,4.9,5.6,5.2
73.13347023,0,0,22,10,6,2,2,0,1,0,3.8,6.2,5.7,7.9,9
76.68172485,0,0,25,6,5,4,1,0,1,1,6.2,6.2,6.4,5.6,3.7
82.82546201,1,0,23,2,6,4,2,0,1,1,6.2,9.1,4.1,3.3,6.7
82.82546201,1,0,23,2,6,4,2,0,1,1,7,7.6,3.3,3.3,6.7
28.84599589,1,1,31,10,11,2,0,1,0,0,6.2,6.9,6.4,3.3,6.7
5.289527721,0,0,25,11,6,7,1,0,1,0,9.4,4.8,3.3,7.1,9
149.6180698,0,0,30,9,1,6,0,1,1,1,5.4,6.9,2.6,5.6,8.3
109.2402464,0,0,22,11,6,1,0,0,1,2,5.4,5.5,7.2,4,2.9
35.74537988,1,0,35,10,6,2,1,1,1,0,5.4,7.6,4.9,4,6
50.98973306,1,0,24,4,6,2,0,0,1,0,7.8,5.5,3.3,7.9,8.3
109.1088296,0,0,29,10,6,1,1,1,1,1,4.6,3.4,9.5,4.8,2.1
10.51334702,0,1,36,14,4,3,0,1,1,0,7.8,2.6,4.1,8.7,6.7
129.2813142,0,1,33,14,4,5,0,1,1,0,5.4,8.4,4.1,4.8,6.7
34.59548255,0,0,34,10,6,2,1,0,1,1,8.6,5.5,4.1,5.6,6.7
34.59548255,0,0,34,10,6,2,1,0,1,1,8.6,3.4,4.1,7.1,6
34.59548255,0,0,34,10,6,2,1,0,1,1,7.8,4.1,4.1,7.1,6.7
51.1211499,0,0,28,10,6,7,1,0,1,1,5.4,5.5,6.4,2.5,4.4
15.11293634,0,0,45,11,6,4,1,0,1,0,6.2,6.2,3.3,6.3,8.3
15.11293634,0,0,45,11,6,4,1,0,1,0,4.6,4.8,4.1,7.9,9
9.790554415,1,0,41,10,6,2,1,1,1,0,3,6.9,6.4,4.8,6
9.790554415,1,0,41,10,6,2,1,1,1,0,2.2,6.9,8,6.3,3.7
9.790554415,1,0,41,10,6,2,1,1,1,0,3,6.9,7.2,4.8,5.2
3.121149897,1,0,41,4,6,7,1,0,1,0,1.4,4.8,8.7,5.6,2.1
3.121149897,1,0,41,4,6,7,1,0,1,0,3,8.4,8,3.3,2.1
38.17659138,0,1,33,10,6,2,0,0,1,0,2.2,7.6,6.4,4.8,7.5
30.02874743,1,0,22,2,6,7,2,0,1,0,6.2,4.8,4.9,4.8,6.7
5.092402464,0,0,29,10,6,2,0,0,0,0,4.6,5.5,1.8,7.1,6.7
5.092402464,0,0,29,10,6,2,0,0,0,0,4.6,1,5.7,8.7,2.9
5.092402464,0,0,29,10,6,2,0,0,0,0,5.4,4.8,8,9.4,2.9
34.0698152,1,0,34,14,9,6,1,1,0,1,9.4,3.4,4.9,3.3,6
40.60780287,0,1,33,10,6,2,1,0,1,1,4.6,6.2,8,7.1,5.2
40.60780287,0,1,33,10,6,2,1,0,1,1,5.4,7.6,5.7,7.1,6
10.51334702,0,0,28,1,6,3,1,0,1,0,6.2,5.5,3.3,6.3,8.3
33.93839836,1,0,27,10,6,3,0,0,1,0,5.4,3.4,3.3,8.7,8.3
33.93839836,1,0,27,10,6,3,0,0,1,0,6.2,6.2,7.2,3.3,3.7
10.7761807,1,0,35,15,2,2,1,0,1,1,7.8,5.5,1.8,5.6,8.3
59.86036961,1,0,27,10,6,7,0,1,1,0,6.2,6.9,4.1,5.6,6
24.83778234,1,0,42,15,6,7,1,1,1,0,5.4,4.8,4.1,4.8,6
33.87268994,0,0,22,10,14,7,1,0,1,0,6.2,9.1,4.9,3.3,2.9
53.58521561,0,0,40,9,6,7,1,0,1,2,3.8,8.4,8,4,4.4
53.58521561,0,0,40,9,6,7,1,0,1,2,4.6,9.1,4.9,3.3,2.9
1.971252567,0,1,31,2,7,5,1,1,0,1,6.2,4.1,2.6,8.7,8.3
0.788501027,0,0,43,13,6,7,1,1,1,0,3,6.2,8,7.1,4.4
57.62628337,0,0,23,13,11,2,0,0,1,0,5.4,6.2,9.5,5.6,5.2
23.45790554,0,0,29,10,6,7,0,1,1,0,7.8,5.5,5.7,4,5.2
23.45790554,0,0,29,10,6,7,0,1,1,0,6.2,6.2,5.7,6.3,2.9
23.45790554,0,0,29,10,6,7,0,1,1,0,7,6.2,5.7,4,3.7
46.9486653,0,0,22,11,6,4,0,0,1,1,4.6,9.1,6.4,5.6,6
15.40862423,1,0,44,11,6,4,0,0,0,1,3.8,6.2,5.7,5.6,6.7
39.2936345,0,1,21,5,7,3,0,1,1,2,3.8,5.5,5.7,7.9,3.7
47.6386037,0,1,40,5,11,4,1,1,1,1,1.4,6.9,9.5,6.3,1.3
3.811088296,1,0,32,13,9,7,1,1,1,0,3.8,6.2,6.4,4,6
66.7926078,0,1,31,2,13,3,1,1,1,0,4.6,7.6,4.1,4,6
13.8973306,1,0,23,13,6,3,0,0,1,0,4.6,8.4,6.4,2.5,2.1
108.550308,1,1,27,3,6,6,1,1,1,1,3.8,6.2,8,5.6,6
86.66940452,0,0,25,14,6,7,0,0,1,0,4.6,7.6,9.5,2.5,1.3
86.66940452,0,0,25,14,6,7,0,0,1,0,5.4,5.5,7.2,5.6,2.9
18.33264887,1,1,39,2,5,4,0,1,1,0,3.8,7.6,6.4,4.8,5.2
133.4209446,1,0,29,10,11,4,1,1,1,1,5.4,6.9,2.6,7.9,6.7
8.180698152,1,0,24,4,6,7,1,0,1,0,6.2,3.4,7.2,2.5,3.7
8.180698152,1,0,24,4,6,7,1,0,1,0,6.2,5.5,7.2,7.1,4.4
13.33880903,1,0,33,14,6,7,2,1,1,1,9.4,5.5,1.8,4.8,6.7
55.78644764,1,0,27,10,11,3,2,1,1,0,4.6,6.9,7.2,2.5,6.7
12.97741273,1,0,29,4,6,1,0,0,1,2,3.8,4.8,6.4,7.9,6.7
32.32854209,0,0,29,14,6,3,1,0,1,0,3.8,4.8,6.4,7.9,6.7
163.8110883,1,1,19,14,6,6,1,1,1,1,4.6,5.5,6.4,7.9,6
31.96714579,1,1,29,4,6,2,0,1,1,0,4.6,3.4,10,6.3,1
4.862422998,0,0,27,14,6,7,1,1,1,1,5.4,4.1,5.7,7.1,3.7
13.73305955,0,0,29,14,6,4,1,0,1,0,6.2,3.4,4.9,7.9,7.5
51.94250513,0,1,33,8,13,4,1,0,1,1,6.2,4.8,4.9,5.6,5.2
22.57084189,1,0,30,9,6,4,1,1,0,0,7.8,3.4,4.9,5.6,5.2
19.44969199,0,0,31,13,6,2,0,0,1,0,7,2.6,4.1,8.7,5.2
73.98767967,0,1,33,12,7,3,2,1,1,1,7,6.2,3.3,6.3,7.5
8.739219713,0,1,34,14,6,7,0,0,1,0,9.4,7.6,1,4,5.2
48.45995893,1,0,34,6,14,0,1,0,1,0,7,2.6,7.2,4.8,5.2
14.85010267,1,1,29,8,6,4,1,0,1,0,3.8,3.4,8,6.3,6
63.54004107,1,0,31,3,9,4,1,1,1,1,3.8,5.5,3.3,9.4,9
49.31416838,1,1,42,4,3,7,0,1,1,0,5.4,8.4,6.4,5.6,5.2
13.27310062,1,0,34,6,6,2,1,1,1,1,6.2,4.8,4.1,5.6,6.7
17.83983573,1,0,39,10,6,4,2,1,1,1,6.2,7.6,4.1,2.5,4.4
114.1355236,1,0,38,6,5,6,1,1,1,0,3.8,3.4,9.5,7.1,2.9
8.147843943,0,0,42,2,6,4,1,0,1,0,3.8,8.4,2.6,4.8,7.5
8.082135524,1,0,33,14,6,6,0,1,0,1,7.8,6.9,2.6,4.8,8.3
26.94045175,1,0,44,15,6,6,1,1,1,1,3.8,6.2,4.9,6.3,10
1.478439425,1,1,28,15,2,6,1,1,1,0,6.2,3.4,6.4,8.7,6
94.81724846,0,0,30.40033257,10,6,1,1,0,0,0,6.2,4.1,4.1,6.3,7.5
12.78028747,1,0,24,13,6,2,0,0,1,0,8.6,4.8,4.1,6.3,5.2
19.87679671,1,0,29,14,6,2,1,1,1,1,6.2,6.2,4.9,4.8,7.5
34.82546201,0,1,27,13,11,7,2,1,0,0,10,2.6,4.1,5.6,9
96.72279261,1,1,30,10,11,0,1,1,1,1,6.2,7.6,4.9,4.8,8.3
12.12320329,1,0,39,0,6,7,1,1,1,2,3.8,6.9,5.7,5.6,3.7
10.64476386,1,0,26,12,7,7,0,1,0,0,7,4.1,2.6,8.7,9
4.402464066,0,1,40,11,3,0,1,1,0,2,7,6.2,4.1,6.3,9
2.36550308,0,0,28,3,6,2,0,1,1,0,7,6.9,2.6,4,5.2
17.51129363,0,0,39,15,6,7,1,0,1,0,4.6,4.1,4.9,5.6,3.7
17.51129363,0,0,39,15,6,7,1,0,1,0,6.2,4.8,5.7,4,2.9
18.16837782,0,0,24,10,6,3,0,0,1,0,5.4,4.8,4.9,7.1,6.7
18.16837782,0,0,24,10,6,3,0,0,1,0,4.6,1.9,8,6.3,6
10.38193018,0,0,34,13,13,2,0,0,1,1,6.2,1,7.2,4.8,6
7.852156057,0,0,23,15,6,7,0,0,1,0,4.6,7.6,8,5.6,2.1
84.04106776,0,1,28,5,6,7,1,1,1,0,2.2,5.5,7.2,4.8,3.7
8.213552361,0,0,30,15,6,7,1,1,1,0,6.2,6.2,6.4,3.3,4.4
9.593429158,1,0,34,11,12,6,1,0,1,0,7.8,7.6,3.3,2.5,7.5
43.92607803,1,0,32,15,6,4,0,1,1,0,6.2,4.8,2.6,5.6,9.8
82.75975359,0,0,20,12,6,5,2,0,1,2,3.8,6.9,5.7,6.3,6.7
27.92607803,0,0,25,4,6,2,1,0,1,0,7,4.1,5.7,5.6,8.3
3.811088296,1,0,23,13,6,4,2,1,1,0,7,4.8,7.2,4.8,4.4
48.09856263,1,0,25,11,3,4,2,0,1,0,7,4.1,5.7,6.3,7.5
8.640657084,1,0,25,10,7,2,1,0,0,0,7,2.6,6.4,7.9,5.2
30.68583162,0,0,37,5,6,2,0,0,1,0,5.4,6.9,5.7,5.6,6.7
26.34907598,0,1,36,15,13,2,1,1,0,0,3.8,8.4,5.7,6.3,6
18.13552361,0,0,23,8,6,4,1,1,1,0,7,5.5,4.1,4.8,6
7.227926078,0,0,26,11,6,7,1,1,1,0,7.8,6.2,3.3,7.1,6.7
23.2936345,1,0,32,4,6,3,1,0,1,1,6.2,6.2,7.2,3.3,2.9
100.238193,0,0,23,10,6,4,1,1,1,1,5.4,5.5,5.7,4.8,9.8
36.00821355,0,0,45,15,6,5,1,0,1,1,4.6,4.8,4.9,8.7,5.2
19.18685832,1,0,25,4,6,2,0,0,0,0,7,4.8,5.7,4.8,5.2
43.95893224,0,0,38,10,6,3,1,1,1,0,7.8,7.6,2.6,5.6,7.5
90.15195072,0,0,20,12,6,6,0,0,1,0,9.4,6.9,2.6,3.3,7.5
22.24229979,1,0,34,10,6,2,1,1,1,1,7.8,4.1,2.6,4.8,4.4
33.57700205,0,0,24,5,6,2,1,1,1,0,6.2,6.2,4.9,3.3,4.4
5.94661191,0,0,38,10,1,7,1,1,1,1,7,4.8,4.1,7.1,9
19.74537988,0,0,33,7,6,4,1,1,1,0,5.4,6.9,4.1,4.8,6
26.02053388,1,1,25,10,7,6,1,1,1,1,2.2,7.6,5.7,7.9,6
25.36344969,0,0,32,14,6,0,1,1,1,1,6.2,6.9,5.7,4.8,8.3
41.69199179,1,0,36,14,11,0,1,1,0,1,8.6,4.8,1.8,7.1,8.3
23.55646817,1,0,32,13,6,7,0,0,1,0,5.4,6.9,7.2,7.9,6.7
80.49281314,1,0,25,4,6,7,0,0,1,0,6.2,6.2,5.7,3.3,6.7
22.01232033,0,1,37,14,13,7,1,1,1,0,3,8.4,5.7,5.6,6.7
42.38193018,1,0,26,4,1,2,0,1,1,0,9.4,6.9,3.3,3.3,6
33.41273101,0,1,32,10,6,7,1,1,1,0,4.6,2.6,6.4,8.7,6
64.52566735,0,0,25,13,6,0,0,1,1,2,7.8,4.1,6.4,4,3.7
3.482546201,1,0,37,5,6,2,2,0,1,0,6.2,6.9,5.7,6.3,5.2
88.83778234,1,0,25,15,6,6,0,0,1,1,4.6,6.9,4.9,4,6
110.4887064,0,0,25,7,6,3,0,0,1,0,10,1.9,2.6,7.1,9.8
14.06160164,0,0,56,10,6,2,1,1,1,0,4.6,6.2,4.9,5.6,6.7
11.99178645,1,1,24,11,12,4,1,0,1,0,6.2,4.1,5.7,5.6,3.7
101.5195072,0,0,32,5,6,4,1,0,1,0,4.6,7.6,4.1,4.8,6
179.449692,0,0,24,10,6,0,1,0,1,0,7,4.8,2.6,5.6,8.3
12.38603696,0,0,24,7,6,7,2,0,1,0,5.4,6.9,5.7,5.6,4.4
24.90349076,0,0,24,14,6,7,1,1,1,0,3.8,7.6,8,4.8,2.9
61.99589322,0,1,31,2,6,7,1,0,1,1,5.4,4.8,8.7,5.6,4.4
24.47638604,0,0,27,3,6,2,1,1,1,0,8.6,5.5,4.9,3.3,3.7
63.70431211,0,0,37,14,6,0,1,1,1,2,6.2,6.9,3.3,7.1,6.7
5.388090349,1,0,38,10,6,4,1,1,1,1,1.4,4.1,7.2,6.3,7.5
64.75564682,0,0,35,4,6,3,0,0,1,2,7,6.2,7.2,2.5,5.2
64.75564682,0,0,35,4,6,3,0,0,1,2,8.6,6.9,5.7,3.3,4.4
2.694045175,0,1,29,8,6,3,1,0,1,0,7,5.5,8,5.6,8.3
2.39835729,0,1,25,10,9,7,1,0,1,1,6.2,2.6,5.7,5.6,6.7
26.87474333,1,0,26,4,6,7,0,0,1,0,8.6,4.1,4.9,5.6,5.2
144.7556468,0,0,27,14,6,6,1,0,1,1,5.4,9.1,3.3,4.8,6
45.30595483,1,0,34,10,6,7,1,0,1,0,7,1.9,9.5,5.6,6
45.30595483,1,0,34,10,6,7,1,0,1,0,6.2,2.6,8.7,6.3,6
45.30595483,1,0,34,10,6,7,1,0,1,0,5.4,2.6,10,3.3,3.7
45.30595483,1,0,34,10,6,7,1,0,1,0,4.6,5.5,10,2.5,5.2
6.078028747,0,0,35,0,6,7,1,0,1,0,5.4,5.5,7.2,5.6,2.9
22.63655031,1,0,36,8,0,2,1,0,1,0,7.8,1.9,4.1,7.1,9
96.59137577,0,0,46,13,9,3,1,1,1,0,4.6,8.4,4.9,7.9,6
10.90759754,1,0,32,3,6,4,0,1,1,1,7.8,5.5,4.9,6.3,9
16.95277207,0,0,38,10,6,7,1,0,1,2,7,1.9,9.5,5.6,6
16.95277207,0,0,38,10,6,7,1,0,1,2,6.2,2.6,8.7,6.3,6
16.95277207,0,0,38,10,6,7,1,0,1,2,5.4,2.6,10,3.3,3.7
16.95277207,0,0,38,10,6,7,1,0,1,2,4.6,5.5,10,2.5,5.2
61.2073922,0,0,25,13,6,7,1,0,1,0,6.2,6.2,3.3,6.3,6.7
9.264887064,1,0,23,10,6,7,1,0,1,0,7,5.5,3.3,4.8,6.7
81.64271047,0,0,31,10,6,7,2,0,1,0,4.6,5.5,7.2,3.3,2.9
81.64271047,0,0,31,10,6,7,2,0,1,0,4.6,5.5,7.2,4.8,3.7
55.95071869,0,0,40,13,6,7,1,0,1,2,3.8,8.4,8,4,4.4
55.95071869,0,0,40,13,6,7,1,0,1,2,4.6,9.1,4.9,3.3,2.9
49.7412731,0,1,40,5,11,3,1,1,1,1,1.4,6.9,9.5,6.3,1.3
57.10061602,0,1,26,3,6,3,0,1,1,1,4.6,6.9,4.9,5.6,6.7
163.7782341,0,1,23,10,6,2,1,0,1,1,4.6,6.2,8,7.1,5.2
163.7782341,0,1,23,10,6,2,1,0,1,1,5.4,7.6,5.7,7.1,6
54.01232033,1,1,37,5,7,4,1,1,1,0,7.8,4.8,2.6,5.6,9.8
23.75359343,0,0,34,2,6,7,1,0,1,0,3.8,6.9,7.2,5.6,5.2
1.412731006,1,0,29,2,6,7,0,0,1,0,4.6,4.1,6.4,4.8,4.4
59.89322382,1,0,27,10,6,7,0,1,1,1,6.2,6.9,4.1,5.6,6
27.4661191,0,0,31,4,9,4,1,1,1,2,5.4,5.5,3.3,7.9,8.3
89.19917864,1,1,18,10,11,6,0,1,1,0,7.8,5.5,2.6,7.1,7.5
47.21149897,0,0,31,0,6,4,1,0,1,1,7,4.8,6.4,4,6.7
21.48665298,0,0,27,10,6,2,0,1,1,0,5.4,7.6,6.4,4,4.4
8.344969199,0,0,35,13,6,4,1,0,1,0,5.4,6.9,7.2,7.9,6.7
48.19712526,0,0,39,14,6,4,0,0,1,0,3,7.6,9.5,3.3,4.4
48.19712526,0,0,39,14,6,4,0,0,1,0,3,7.6,8,4,1.3
42.18480493,0,0,27,8,6,7,1,1,1,0,3,2.6,6.4,7.1,7.5
42.18480493,0,0,27,8,6,7,1,1,1,0,3,5.5,4.1,7.1,8.3
39.22792608,1,0,37,10,6,3,1,0,1,1,6.2,6.9,4.1,6.3,8.3
39.22792608,1,0,37,10,6,3,1,0,1,1,3.8,9.1,4.9,5.6,7.5
39.22792608,1,0,37,10,6,3,1,0,1,1,6.2,6.9,4.1,6.3,8.3
39.22792608,1,0,37,10,6,3,1,0,1,1,3.8,9.1,4.9,5.6,7.5
43.69609856,0,0,36,5,6,7,0,0,1,0,5.4,6.9,5.7,5.6,6.7
14.22587269,0,0,31,5,6,3,0,0,1,0,6.2,6.2,5.7,3.3,6.7
33.90554415,0,0,23,10,6,2,0,0,1,0,6.2,4.1,8,4,4.4
70.34086242,0,0,31,14,6,3,0,0,1,0,1.4,7.6,8,5.6,1
39.88501027,0,1,22,13,6,7,1,0,1,0,8.6,2.6,6.4,6.3,6.7
144.5913758,1,1,30,10,5,3,1,0,1,0,8.6,2.6,4.9,7.1,7.5
15.17864476,0,0,45,10,6,3,1,0,1,2,3.8,6.9,8,6.3,5.2
57.65913758,0,0,33,8,6,2,0,0,1,1,7.8,6.2,6.4,7.9,6
57.65913758,0,0,33,8,6,2,0,0,1,1,3.8,3.4,5.7,8.7,7.5
47.96714579,1,0,33,2,6,2,1,0,1,0,7,6.2,1,9.4,7.5
42.25051335,1,0,18,2,6,4,0,0,1,0,6.2,6.2,4.1,2.5,5.2
12.68172485,1,0,36,8,6,7,0,1,1,0,6.2,5.5,5.7,5.6,6.7
15.93429158,0,0,41,10,6,7,1,1,0,0,7.8,7.6,4.1,1.7,5.2
29.47022587,1,0,29,2,6,3,1,0,1,0,6.2,5.5,4.9,5.6,9.8
1.18275154,0,0,50,7,1,7,1,1,0,1,4.6,6.2,8,4.8,5.2
56.73921971,0,0,34,0,6,7,1,0,1,1,6.2,4.1,7.2,4.8,1
116.7310062,1,1,38,10,2,0,2,1,1,1,7.8,9.1,2.6,4,9
39.68788501,0,0,25,5,6,7,1,1,1,0,6.2,6.9,2.6,5.6,7.5
49.87268994,1,0,30.40033257,11,5,6,1,1,0,0,10,5.5,4.1,4,7.5
12.22176591,1,1,27,10,11,7,0,1,1,1,3.8,3.4,2.6,10,9
19.28542094,1,0,38,10,2,2,1,1,1,1,7,6.9,4.1,4,6.7
43.86036961,0,0,29,10,6,7,1,0,1,1,8.6,6.2,4.9,4.8,9
131.613963,0,0,26,12,7,7,0,1,1,1,3,6.9,4.9,6.3,6
13.9301848,0,0,27,14,6,2,1,0,1,0,7,4.8,6.4,4.8,4.4
18.92402464,0,1,43,4,7,6,1,1,1,2,6.2,4.1,5.7,7.1,8.3
81.83983573,1,1,34,10,2,0,1,1,1,1,3.8,3.4,7.2,8.7,7.5
16.75564682,0,0,31,13,6,4,1,0,0,0,8.6,4.8,2.6,7.9,6.7
20.69815195,0,0,27,14,6,3,1,1,1,0,7.8,4.8,1.8,6.3,6
51.31827515,0,0,28,14,6,7,0,0,1,1,7,4.8,5.7,2.5,4.4
6.242299795,0,0,21,4,6,3,2,0,0,0,7,6.2,4.1,4.8,6.7
7.030800821,1,0,39,11,6,3,1,0,1,1,7,4.1,2.6,7.9,7.5
7.030800821,1,0,39,11,6,3,1,0,1,1,7.8,6.2,2.6,5.6,6.7
2.266940452,1,0,39,11,12,4,1,1,0,0,2.2,6.9,8.7,6.3,5.2
26.54620123,1,0,27,10,11,6,0,1,1,0,8.6,7.6,1,5.6,10
79.01437372,1,1,29,10,7,6,2,1,1,1,1.4,4.1,10,4.8,1.3
0.525667351,0,0,49,12,6,3,1,1,1,1,5.4,2.6,4.1,6.3,6.7
140.2217659,0,1,27,10,1,6,1,1,1,1,3.8,6.2,4.1,7.9,5.2
26.57905544,1,0,28,2,6,7,1,0,1,2,3.8,9.1,6.4,4.8,6.7
25.52772074,1,0,27,4,11,4,0,1,0,0,7,4.8,4.9,5.6,6.7
5.125256674,0,1,23,4,6,2,0,1,1,0,4.6,6.2,4.9,6.3,8.3
40.11498973,0,1,41,5,7,3,1,1,1,1,1.4,6.9,9.5,6.3,1.3
32.32854209,0,1,49,8,7,3,1,1,0,1,3,3.4,8.7,5.6,3.7
1.708418891,0,1,30,5,7,3,0,1,1,0,6.2,4.8,7.2,4.8,3.7
50.29979466,0,0,21,2,6,7,0,0,0,0,4.6,6.9,7.2,7.1,1.3
70.50513347,1,0,24,14,6,6,1,0,1,0,7.8,5.5,7.2,5.6,3.7
14.58726899,1,0,34,10,6,7,0,1,1,1,3.8,4.8,6.4,7.9,6.7
37.15811088,1,1,38,10,6,4,1,0,1,0,7,3.4,5.7,8.7,5.2
27.33470226,0,0,32,13,11,2,1,1,1,0,7.8,5.5,2.6,4,7.5
32.85420945,1,0,58,10,0,7,1,1,1,0,5.4,4.8,6.4,4.8,6
5.453798768,0,1,29,8,6,3,1,0,1,0,7,5.5,8,5.6,8.3
79.54004107,0,1,23,5,7,7,0,1,1,1,4.6,5.5,8.7,4.8,4.4
12.64887064,0,0,36,5,6,5,2,1,1,0,4.6,6.9,4.9,5.6,6
20.30390144,0,0,45,11,6,4,1,0,0,0,6.2,6.2,3.3,6.3,8.3
20.30390144,0,0,45,11,6,4,1,0,0,0,4.6,4.8,4.1,7.9,9
10.48049281,1,0,28,4,6,7,0,1,1,0,7,4.1,3.3,4.8,6.7
11.03901437,1,0,37,6,6,4,1,1,1,0,4.6,4.8,8,5.6,8.3
128.1314168,0,0,32,3,6,0,1,1,1,0,7.8,6.9,4.1,3.3,7.5
5.585215606,0,1,37,5,7,4,0,1,1,0,6.2,6.9,4.1,4,8.3
61.07597536,0,1,29,5,7,4,1,1,1,0,1,5.5,10,7.1,2.9
110.0287474,0,0,25,10,6,7,0,1,1,1,6.2,3.4,6.4,6.3,7.5
52.27104723,0,1,27,10,7,0,1,1,1,0,3.8,6.2,4.1,9.4,6.7
5.650924025,0,0,42,5,7,0,1,1,1,2,1.4,7.6,8.7,4.8,5.2
22.66940452,1,1,32,5,7,2,1,1,1,1,1.4,7.6,9.5,6.3,5.2
6.275154004,0,1,28,2,7,4,2,1,1,0,2.2,7.6,5.7,5.6,2.9
10.61190965,0,1,40,11,5,4,1,0,1,1,4.6,7.6,5.7,6.3,7.5
23.81930185,1,1,22,3,3,3,2,1,1,0,7,4.8,2.6,7.1,6.7
50.89117043,1,1,34,5,7,6,1,0,1,1,3.8,3.4,5.7,7.9,6.7
38.53798768,0,1,40,5,7,2,1,1,1,1,3.8,6.2,8.7,6.3,4.4
16.62422998,0,1,24,5,7,2,2,1,1,0,5.4,4.8,6.4,5.6,3.7
28.02464066,0,1,34,5,7,6,1,1,1,2,6.2,1.2,7.2,6.3,9
31.50718686,0,1,29,5,7,7,1,1,1,0,3.8,2.6,6.4,7.9,8.3
5.158110883,0,1,40,4,7,3,1,1,1,2,3.8,4.1,7.2,8.7,6.7
4.928131417,0,0,23,5,6,4,2,1,1,0,5.4,4.8,5.7,7.1,6.7
12.68172485,1,0,36,8,6,7,0,1,1,0,6.2,5.5,5.7,5.6,6.7
40.87063655,1,1,35,5,7,6,2,1,1,1,6.2,7.6,4.1,6.3,6.7
36.59958932,0,1,24,5,7,2,2,1,1,1,5.4,1.9,6.4,9.4,6
103.7207392,0,0,34,10,0,4,1,0,1,1,4.6,3.4,8,5.6,5.2
9.199178645,1,1,44,5,4,2,1,1,1,0,7,7.6,6.4,6.3,6
16.78850103,0,0,29,2,6,3,0,0,1,0,3.8,7.6,8,6.3,4.4
34.29979466,0,1,34,14,6,6,0,0,1,0,7.8,4.8,7.2,6.3,7.5
16.85420945,0,1,28,5,7,2,0,1,1,0,4.6,4.8,5.7,6.3,4.4
16.62422998,0,0,23,10,6,7,1,0,1,0,3,4.8,6.4,5.6,3.7
42.61190965,0,0,37,15,6,7,1,1,1,0,4.6,6.2,8,4.8,6
16.65708419,0,1,29,6,6,2,1,0,1,2,2.2,7.6,6.4,9.4,6
16.65708419,0,1,29,6,6,2,1,0,1,2,2.2,5.5,7.2,7.1,6.7
82.7926078,0,1,23,10,11,2,0,1,1,0,6.2,2.6,8.7,4.8,5.2
1.839835729,0,0,32,10,6,7,1,0,1,0,4.6,4.1,6.4,5.6,6
73.42915811,0,0,29,10,2,3,0,1,1,2,4.6,4.8,7.2,6.3,2.9
0.394250513,1,1,36,5,7,2,1,1,1,2,3.8,7.6,2.6,7.9,4.4
123.6960986,0,0,32,14,6,3,1,1,0,1,3.8,9.1,4.9,4.8,6
12.97741273,1,0,26,4,6,2,0,1,0,0,7.8,6.9,4.1,4,4.4
7.819301848,0,0,30,10,6,6,1,1,1,1,5.4,3.4,3.3,8.7,8.3
7.819301848,0,0,30,10,6,6,1,1,1,1,6.2,6.2,7.2,3.3,3.7
155.3675565,0,0,30,9,11,6,0,1,1,2,5.4,6.9,2.6,5.6,8.3
15.70431211,0,0,24,6,6,1,2,0,1,0,5.4,4.1,6.4,6.3,2.1
19.31827515,0,1,28,5,7,6,1,1,1,0,4.6,4.8,7.2,6.3,5.2
20.99383984,0,0,26,4,6,2,1,1,1,0,10,4.1,1,7.1,7.5
2.792607803,0,0,41,14,6,3,1,0,1,0,7,4.8,3.3,5.6,7.5
37.12525667,1,0,38,14,6,0,0,1,1,1,3,3.4,7.2,5.6,5.2
18.16837782,1,0,24,4,6,7,1,0,1,0,5.4,6.9,7.2,2.5,4.4
11.66324435,0,0,37,12,6,7,1,0,1,2,7,4.1,6.4,5.6,8.3
5.092402464,0,0,47,14,6,5,1,0,1,1,5.4,7.6,4.9,4.8,6.7
22.70225873,0,0,26,10,6,4,0,0,1,1,5.4,5.5,4.9,7.9,6.7
3.778234086,0,0,46,14,6,3,1,0,1,0,3,4.1,6.4,5.6,5.2
3.449691992,0,0,30,5,6,2,1,1,1,0,6.2,7.6,3.3,6.3,7.5
11.03901437,1,0,37,10,6,4,1,1,1,1,7,6.2,3.3,5.6,9
9.034907598,0,0,30,5,6,6,0,1,1,0,5.4,3.4,3.3,8.7,8.3
9.034907598,0,0,30,5,6,6,0,1,1,0,6.2,6.2,7.2,3.3,3.7
24.83778234,0,0,34,5,6,3,1,1,1,0,5.4,4.1,3.3,7.9,7.5
5.519507187,0,0,23,10,6,7,0,0,1,0,4.6,6.9,5.7,4.8,9
32.26283368,1,0,35,14,6,7,1,1,1,1,5.4,4.1,4.1,7.1,7.5
52.66529774,1,0,42,14,6,2,1,1,1,0,7.8,5.5,8.7,4.8,6
4.041067762,0,0,41,14,6,3,1,1,1,0,3,3.4,7.2,5.6,5.2
30.78439425,0,0,41,1,6,2,1,1,1,1,7.8,2.6,4.1,6.3,4.4
4.960985626,0,0,42,5,6,7,0,1,1,0,7.8,5.5,2.6,6.3,8.3
4.960985626,0,0,42,5,6,7,0,1,1,0,8.6,5.5,3.3,6.3,7.5
4.960985626,0,0,42,5,6,7,0,1,1,0,7,6.9,4.1,5.6,7.5
39.26078029,1,0,37,10,6,3,1,0,1,1,6.2,6.9,4.1,6.3,8.3
39.26078029,1,0,37,10,6,3,1,0,1,1,3.8,9.1,4.9,5.6,7.5
38.70225873,0,0,33,10,6,6,0,1,1,1,5.4,4.1,6.4,5.6,6.7
2.036960986,1,0,48,8,6,2,1,0,1,0,6.2,4.8,5.7,8.7,7.5
105.1663244,0,0,34,10,0,4,1,0,1,1,4.6,3.4,8,5.6,5.2
7.162217659,0,0,23,4,13,7,0,1,1,2,4.6,7.6,4.9,5.6,5.2
13.10882957,1,0,21,8,6,7,0,0,0,0,3.8,6.9,8.7,4,6.7
8.410677618,0,1,24,5,7,2,1,1,1,0,3.8,4.1,4.1,8.7,6
3.876796715,0,0,21,5,6,1,1,1,1,0,7,4.8,4.1,5.6,8.3
12.25462012,0,0,38,4,6,7,0,0,1,0,2.2,8.4,7.2,3.3,5.2
37.9137577,0,0,34,12,6,7,2,0,1,0,3,6.2,8.7,5.6,7.5
32.88706366,0,0,27,7,6,4,0,1,1,0,3,5.5,10,6.3,4.4
3.58110883,0,0,32,10,11,7,1,1,1,1,7,4.1,8.7,3.3,1
43.8275154,1,0,27,13,6,7,0,0,1,0,5.4,6.2,5.7,5.6,6.7
22.37371663,1,0,31,5,7,7,0,1,1,0,5.4,5.5,7.2,4.8,5.2
4.073921971,1,0,26,10,11,6,0,0,0,0,5.4,7.6,2.6,4.8,9
12.32032854,0,1,28,5,7,3,1,1,1,2,2.2,5.5,8.7,5.6,6
17.18275154,1,0,24,10,6,7,0,0,1,0,6.2,4.8,7.2,4,6.7
49.80698152,0,1,34,14,6,0,1,1,1,1,5.4,4.1,8,7.1,8.3
49.80698152,0,1,34,14,6,0,1,1,1,1,3,5.5,7.2,7.9,6
85.48665298,0,0,22,10,2,6,1,0,1,0,7,5.5,6.4,4.8,2.9
30.35728953,0,0,30,15,6,2,1,1,1,0,3.8,3.4,7.2,7.9,2.9
78.32443532,0,0,27,4,3,1,1,1,1,0,6.2,3.4,5.7,4.8,8.3
24.24640657,0,0,30,11,6,4,0,0,1,0,5.4,9.8,3.3,5.6,6.7
24.08213552,1,0,42,15,6,2,1,1,1,0,5.4,4.8,4.1,4.8,6
0.689938398,0,0,24,6,6,7,1,0,1,0,4.6,7.6,7.2,2.5,3.7
9.429158111,0,1,36,8,6,4,1,1,1,0,7,4.8,4.1,4,4.4
15.01437372,0,0,30,5,6,3,1,1,1,1,9.4,4.1,3.3,5.6,7.5
59.40041068,0,0,24,10,6,7,2,0,1,0,8.6,4.1,4.9,7.9,5.2
91.99178645,1,0,39,2,6,6,1,1,1,1,5.4,9.1,3.3,2.5,8.3
11.8275154,0,1,35,11,6,2,1,0,1,0,3.8,4.8,7.2,5.6,6.7
19.1211499,0,1,39,10,7,3,0,0,1,1,7.8,3.4,3.3,7.1,6.7
20.89527721,0,1,27,4,6,7,0,1,1,0,3,4.8,6.4,7.1,7.5
81.24845996,0,0,27,6,6,7,1,1,1,0,3,5.5,7.2,4.8,6.7
23.03080082,0,0,24,10,6,3,0,0,1,0,5.4,4.8,4.9,7.1,6.7
23.03080082,0,0,24,10,6,3,0,0,1,0,4.6,1.9,8,6.3,6
53.48665298,1,1,41,5,3,2,1,1,1,0,3.8,3.4,8,7.9,6
55.22792608,0,0,28,5,6,2,0,1,1,1,8.6,4.8,1,6.3,8.3
89.00205339,1,1,32,10,2,7,1,1,0,1,3.8,3.4,8.7,7.9,4.4
4.993839836,0,0,31,14,6,7,1,0,1,0,7.8,5.5,3.3,5.6,8.3
9.790554415,1,0,41,10,6,2,1,0,1,0,3,6.9,6.4,4.8,6
9.790554415,1,0,41,10,6,2,1,0,1,0,2.2,6.9,8,6.3,3.7
9.790554415,1,0,41,10,6,2,1,0,1,0,3,6.9,7.2,4.8,5.2
11.26899384,0,0,43,14,6,4,1,1,1,1,5.4,4.8,5.7,6.3,6.7
58.80903491,1,0,32,15,10,6,1,0,1,1,4.6,2.6,6.4,4.8,4.4
24.27926078,0,1,45,14,6,2,1,1,1,1,6.2,3.4,7.2,6.3,3.7
24.27926078,0,1,45,14,6,2,1,1,1,1,7,5.5,5.7,6.3,6
73.3963039,0,0,43,5,6,2,1,1,1,0,7.8,6.2,4.1,4,8.3
2.102669405,0,0,38,10,6,2,1,1,0,1,8.6,5.5,4.1,5.6,6.7
2.102669405,0,0,38,10,6,2,1,1,0,1,8.6,3.4,4.1,7.1,6
2.102669405,0,0,38,10,6,2,1,1,0,1,7.8,4.1,4.1,7.1,6.7
8.772073922,0,0,46,13,6,2,1,0,1,0,6.2,4.8,7.2,5.6,6.7
86.04517454,0,0,35,13,6,0,1,0,1,1,3,7.6,7.2,4.8,2.9
19.44969199,0,1,38,14,6,5,1,1,1,2,6.2,4.1,6.4,6.3,5.2
19.44969199,0,1,38,14,6,5,1,1,1,2,8.6,2.6,7.2,4.8,4.4
20.59958932,1,0,26,14,6,6,1,1,1,1,3,4.8,7.2,7.9,5.2
20.59958932,1,0,26,14,6,6,1,1,1,1,3,5.5,5.7,7.1,5.2
7.852156057,0,0,27,12,6,7,1,0,1,0,7,4.8,4.1,4.8,7.5
7.852156057,0,0,27,12,6,7,1,0,1,0,5.4,6.9,8,4.8,6
21.65092402,0,0,43,3,6,3,1,1,1,0,6.2,6.2,4.1,5.6,6.7
20.76386037,0,1,26,12,6,7,2,0,1,0,3,6.9,4.9,4.8,7.5
33.97125257,0,0,25,2,6,7,2,0,1,0,7,6.2,3.3,3.3,3.7
99.77823409,0,0,26,15,6,7,2,0,1,0,5.4,2.6,7.2,7.1,5.2
99.77823409,0,0,26,15,6,7,2,0,1,0,5.4,4.1,8.7,4.8,2.9
60.78028747,0,0,33,8,6,2,0,0,1,1,7.8,6.2,6.4,7.9,6
60.78028747,0,0,33,8,6,2,0,0,1,1,3.8,3.4,5.7,8.7,7.5
51.58110883,0,0,38,14,6,6,1,1,1,1,3.8,6.9,4.9,4.8,6
5.585215606,0,0,32,5,6,7,2,1,1,0,6.2,3.4,8,3.3,3.7
6.866529774,0,0,45,13,6,2,1,0,1,1,4.6,4.8,8.7,4.8,6
23.9835729,0,1,32,10,6,4,1,0,1,0,7.8,2.6,5.7,8.7,5.2
9.691991786,0,0,35,9,6,4,1,1,1,1,7.8,3.4,5.7,4,6
73.29774127,1,0,24,10,6,4,0,0,1,0,5.4,8.4,4.1,4.8,6
73.29774127,1,0,24,10,6,4,0,0,1,0,7.8,5.5,4.1,4.8,5.2
34.56262834,1,1,31,10,1,0,0,1,1,1,9.4,4.8,4.1,7.1,5.2
34.56262834,1,1,31,10,1,0,0,1,1,1,7.8,4.8,3.3,7.1,5.2
42.90759754,0,0,24,2,6,7,0,0,1,0,6.2,6.2,4.1,4.8,6
70.93223819,0,1,26,7,6,6,0,0,1,0,4.6,4.1,5.7,8.7,5.2
5.35523614,0,0,34,10,6,4,1,0,1,1,6.2,5.5,6.4,7.1,6
43.17043121,0,0,42,6,6,3,1,1,1,0,4.6,6.2,7.2,6.3,6
11.72895277,0,0,27,8,5,7,0,1,1,0,6.2,3.4,6.4,7.1,6.7
4.468172485,0,0,35,14,6,3,1,1,1,1,7,4.1,6.4,6.3,6.7
55.12936345,0,0,37,4,6,3,1,1,1,0,6.2,6.2,2.6,4.8,8.3
55.12936345,0,0,37,4,6,3,1,1,1,0,5.4,7.6,4.9,2.5,6.7
0.887063655,0,0,30,5,6,2,1,1,0,0,10,3.4,3.3,4,7.5
13.8973306,1,0,27,10,6,7,1,1,1,1,8.6,4.8,7.2,4,3.7
49.70841889,0,1,26,6,6,4,0,1,1,1,7,3.4,4.9,7.9,9
7.12936345,0,0,27,5,6,4,1,1,1,0,7,6.2,4.1,4.8,8.3
2.792607803,1,0,23,3,6,3,1,0,1,0,7,5.5,4.1,5.6,8.3
9.067761807,0,0,54,13,6,3,1,1,1,1,4.6,8.4,5.7,4,4.4
113.8398357,0,0,21,10,6,2,0,0,1,0,2.2,4.8,8.7,7.9,5.2
113.8398357,0,0,21,10,6,2,0,0,1,0,3.8,3.4,8.7,7.1,3.7
66.69404517,0,0,32,12,6,0,1,1,1,1,7.8,4.8,2.6,8.7,7.5
66.69404517,0,0,32,12,6,0,1,1,1,1,8.6,4.1,1.8,8.7,8.3
92.64887064,0,0,25,14,6,7,0,0,1,2,4.6,7.6,9.5,2.5,1.3
92.64887064,0,0,25,14,6,7,0,0,1,2,5.4,5.5,7.2,5.6,2.9
57.69199179,0,0,28,10,6,7,1,0,1,1,5.4,5.5,6.4,2.5,4.4
3.811088296,0,0,33,10,6,7,1,1,1,0,1.4,6.9,8,6.3,5.2
106.2176591,0,0,23,10,6,4,1,1,1,0,5.4,5.5,5.7,4.8,9.8
19.51540041,0,0,31,10,6,2,0,0,1,0,5.4,7.6,6.4,4.8,6
19.51540041,0,0,31,10,6,2,0,0,1,0,6.2,6.2,6.4,4,6
15.11293634,1,0,23,10,6,7,1,0,1,1,7.8,4.8,3.3,6.3,7.5
22.24229979,0,0,46,5,6,3,2,0,1,0,3,6.9,6.4,5.6,6
22.24229979,0,0,46,5,6,3,2,0,1,0,7,6.2,5.7,4.8,4.4
26.80903491,1,0,34,2,6,7,1,0,1,0,1.4,6.9,8,4,5.2
5.749486653,0,0,26,10,2,2,2,0,1,0,3.8,4.8,7.2,5.6,4.4
10.11909651,0,0,30,9,6,2,1,1,0,1,7.8,4.8,3.3,5.6,6.7
10.11909651,0,0,30,9,6,2,1,1,0,1,10,4.1,1.8,6.3,8.3
52.00821355,0,0,29,10,6,2,0,0,1,0,6.2,6.9,8.7,3.3,2.9
105.8234086,0,0,32,5,6,6,1,0,1,0,4.6,7.6,4.1,4.8,6
3.482546201,0,1,37,5,7,7,1,1,1,2,4.6,6.2,4.9,6.3,4.4
7.523613963,0,0,39,13,6,7,1,1,1,0,7,4.8,6.4,5.6,5.2
16.06570842,0,0,50,3,6,4,1,1,1,0,6.2,6.2,6.4,3.3,6.7
43.26899384,0,0,51,4,6,2,1,1,1,0,3.8,7.6,5.7,6.3,5.2
20.89527721,0,0,33,5,6,4,0,0,1,0,3.8,6.2,6.4,4.8,6.7
1.18275154,0,0,25,10,10,3,0,0,1,0,7,9.1,1.8,4.8,6
132.8952772,0,0,32,14,6,4,1,1,1,0,3.8,5.5,8.7,3.3,3.7
132.8952772,0,0,32,14,6,4,1,1,1,0,3,6.9,6.4,3.3,2.9
93.8973306,0,1,23,14,7,7,1,1,1,0,5.4,4.8,5.7,6.3,5.2
21.88090349,0,0,38,14,6,7,1,0,1,2,7,1.9,9.5,5.6,6
21.88090349,0,0,38,14,6,7,1,0,1,2,6.2,2.6,8.7,6.3,6
21.88090349,0,0,38,14,6,7,1,0,1,2,5.4,2.6,10,3.3,3.7
21.88090349,0,0,38,14,6,7,1,0,1,2,4.6,5.5,10,2.5,5.2
11.92607803,0,0,27,10,6,7,0,1,0,0,7,4.8,6.4,4.8,7.5
3.416837782,1,0,39,3,6,0,1,1,0,0,8.6,4.8,3.3,4,6.7
58.94045175,0,0,29,13,6,4,0,0,1,0,6.2,7.6,4.1,4,8.3
23.55646817,0,0,31,4,6,0,1,1,0,1,7,6.9,1.8,6.3,10
16.62422998,0,0,32,2,6,4,1,1,0,0,6.2,2.6,2.6,10,7.5
4.501026694,0,1,24,4,6,7,0,1,1,0,6.2,4.8,6.4,7.1,7.5
36.73100616,0,0,24,8,6,4,2,0,1,0,4.6,6.9,7.2,5.6,4.4
36.73100616,0,0,24,8,6,4,2,0,1,0,6.2,4.8,4.9,4.8,3.7
72.57494867,0,1,26,5,7,7,0,0,1,0,4.6,4.1,6.4,4.8,4.4
52.10677618,0,0,30,10,11,7,0,0,1,0,6.2,4.8,5.7,5.6,8.3
13.5687885,1,0,33,14,6,5,1,1,1,1,6.2,4.8,2.6,5.6,6.7
6.176591376,1,0,34,10,6,7,1,0,1,0,3.8,7.6,8.7,4,4.4
60.25462012,1,0,22,3,6,4,0,0,1,1,6.2,7.6,6.4,2.5,4.4
3.482546201,0,0,28,14,6,7,1,1,1,0,3.8,6.2,6.4,5.6,3.7
7.852156057,0,0,41,10,6,4,1,1,1,0,1.4,4.8,8.7,5.6,2.1
7.852156057,0,0,41,10,6,4,1,1,1,0,3,8.4,8,3.3,2.1
1.80698152,1,1,27,10,11,2,1,1,1,0,3,4.1,9.5,7.1,5.2
1.445585216,0,0,29,5,6,7,0,1,1,0,6.2,6.2,4.9,5.6,6
72.67351129,0,0,35,13,6,7,1,1,1,1,4.6,4.8,8,6.3,4.4
60.94455852,1,0,25,5,6,7,1,1,1,1,5.4,4.8,6.4,6.3,7.5
44.94455852,0,1,33,10,6,7,0,0,1,0,2.2,7.6,6.4,4.8,7.5
90.51334702,1,0,22,5,6,3,0,0,1,0,3,5.5,9.5,6.3,3.7
6.439425051,1,1,24,14,9,2,0,1,1,1,7.8,5.5,1.8,6.3,6.7
9.330595483,0,0,23,2,6,2,0,0,1,0,3.8,6.2,6.4,7.1,5.2
7.195071869,0,1,27,5,6,2,1,0,0,0,7.8,4.8,3.3,6.3,6.7
24.27926078,0,1,27,15,6,3,1,0,1,0,3,7.6,8.7,3.3,2.9
44.55030801,0,0,30,14,6,4,1,0,1,1,7,5.5,4.1,5.6,6.7
16,1,0,26,0,6,3,1,1,1,0,6.2,2.6,4.9,7.9,6
166.0780287,1,1,30,2,5,4,0,1,1,1,3.8,4.8,9.5,4,2.1
51.74537988,0,1,32,13,6,0,1,0,1,0,5.4,9.1,4.9,3.3,6.7
59.76180698,0,0,38,2,6,5,2,1,1,1,3.8,6.9,4.1,5.6,3.7
30.12731006,0,0,34,14,6,4,2,1,1,0,4.6,5.5,7.2,4.8,6
12.32032854,0,0,26,10,6,2,1,1,1,1,6.2,2.6,8,6.3,7.5
89.36344969,1,0,22,8,6,5,1,1,1,0,7,4.8,4.9,6.3,7.5
74.05338809,1,0,21,14,5,4,0,0,1,1,5.4,4.1,6.4,6.3,7.5
45.07597536,0,0,28,5,6,5,1,0,1,0,6.2,6.9,1.8,5.6,7.5
5.749486653,0,1,32,14,6,0,1,1,1,0,2.2,4.1,5.7,8.7,6
20.96098563,1,0,24,10,2,7,0,1,1,0,4.6,7.6,7.2,3.3,6.7
21.15811088,0,1,49,10,5,4,1,1,1,0,7,4.8,4.9,7.1,6
19.94250513,1,0,23,14,2,7,0,0,1,0,6.2,3.4,6.4,7.1,2.9
29.24024641,1,0,42,10,6,2,1,1,0,0,3.8,5.5,5.7,4.8,3.7
19.35112936,0,0,45,10,6,3,1,0,1,2,3.8,6.9,8,6.3,5.2
112.788501,0,1,23,10,6,2,1,0,1,1,4.6,1.9,7.2,5.6,7.5
48.62422998,0,0,40,14,6,7,2,1,1,0,6.2,6.2,6.4,5.6,5.2
103.5893224,0,0,25,10,6,7,1,1,1,0,7.8,3.4,5.7,5.6,8.3
52.79671458,0,0,29,10,6,2,0,0,1,0,6.2,6.9,8.7,3.3,2.9
33.67556468,0,1,42,14,4,7,1,1,1,1,1.4,4.1,9.5,7.1,5.2
65.3798768,0,1,32,13,6,5,1,0,1,1,5.4,5.5,4.9,8.7,7.5
50.0698152,0,0,37,12,6,2,1,0,1,0,3.8,8.4,4.9,4,8.3
31.34291581,0,0,22,4,6,7,0,0,1,2,6.2,4.1,8,4,1.3
31.34291581,0,0,22,4,6,7,0,0,1,2,4.6,4.1,9.5,6.3,1.3
142.75154,0,1,27,10,11,6,1,1,1,1,3.8,6.2,4.1,7.9,5.2
4.1724846,0,0,28,13,6,7,1,1,1,0,3.8,6.2,6.4,5.6,3.7
49.47843943,0,1,31,10,3,7,1,0,1,0,5.4,4.8,2.6,8.7,9.8
2.135523614,0,1,38,14,6,0,1,0,1,1,5.4,4.1,8,7.1,8.3
2.135523614,0,1,38,14,6,0,1,0,1,1,3,5.5,7.2,7.9,6
75.8275154,0,0,23,12,6,4,0,0,1,0,2.2,6.2,8.7,4,2.1
67.4825462,0,0,36,10,6,0,1,0,1,0,4.6,6.9,3.3,6.3,9
9.133470226,0,0,22,5,6,7,0,1,1,0,7.8,8.4,2.6,4,6.7
9.133470226,0,0,22,5,6,7,0,1,1,0,7.8,7.6,3.3,4.8,6.7
33.28131417,0,0,40,11,6,3,1,0,1,0,3,6.9,8,4,3.7
32,0,0,22,5,7,2,0,1,1,2,7,3.4,4.9,7.1,6.7
53.42094456,0,1,37,6,8,3,1,1,1,1,3,4.8,4.1,7.1,7.5
45.5687885,1,0,25,6,6,0,2,0,1,2,7,6.2,6.4,4,5.2
9.757700205,0,1,37,10,11,3,0,1,1,0,6.2,4.1,4.9,7.9,6.7
14.55441478,0,1,30,12,11,2,0,0,0,1,5.4,2.6,3.3,7.9,6
8.837782341,0,0,24,2,6,7,2,0,1,0,4.6,6.2,5.7,6.3,6.7
12.78028747,1,0,35,4,3,3,1,0,1,0,5.4,5.5,3.3,4.8,6.7
14.48870637,0,1,30,10,2,5,1,1,0,1,3.8,4.1,8.7,4.8,5.2
14.48870637,0,1,30,10,2,5,1,1,0,1,5.4,3.4,9.5,6.3,3.7
14.48870637,0,1,30,13,2,5,1,1,0,1,3.8,4.1,8.7,4.8,5.2
14.48870637,0,1,30,13,2,5,1,1,0,1,5.4,3.4,9.5,6.3,3.7
1.675564682,0,1,36,12,6,3,0,0,1,1,5.4,4.8,6.4,4.8,6.7
113.0513347,0,0,30,2,6,4,2,0,1,1,4.6,6.9,4.1,6.3,7.5
48.6899384,0,0,25,5,6,7,2,0,1,0,6.2,3.4,7.2,2.5,3.7
48.6899384,0,0,25,5,6,7,2,0,1,0,6.2,5.5,7.2,7.1,4.4
29.30595483,1,0,25,5,6,2,2,0,1,0,6.2,8.4,5.7,4,6
13.10882957,1,0,26,1,6,3,1,0,1,1,3,3.4,6.4,7.1,6
7.12936345,1,0,21,4,6,7,0,1,1,0,5.4,6.9,7.2,2.5,4.4
54.9650924,0,1,22,2,7,3,0,1,1,0,5.4,5.5,6.4,7.9,6
74.74332649,1,0,25,10,6,7,1,1,1,1,4.6,2.6,8,4,2.9
84.89527721,0,0,31,5,6,7,1,0,1,1,4.6,3.4,7.2,7.1,4.4
35.94250513,0,1,33,4,3,7,2,1,1,0,5.4,4.8,2.6,7.9,9
50.23408624,0,0,38,13,6,3,1,1,1,0,7.8,7.6,2.6,5.6,7.5
57.52772074,0,1,24,11,7,2,0,1,1,0,6.2,3.4,2.6,7.1,5.2
4.76386037,0,1,30,10,6,7,1,1,1,0,7.8,2.6,4.1,8.7,6.7
30.71868583,0,0,32,14,6,7,1,1,1,0,4.6,2.6,7.2,6.3,5.2
55.95071869,0,0,28,6,6,2,0,0,1,1,5.4,4.8,4.9,7.9,5.2
58.4476386,0,1,24,13,9,4,0,0,1,0,6.2,5.5,3.3,7.9,6.7
38.89938398,0,1,36,14,14,3,1,1,1,1,4.6,4.8,4.1,7.1,10
9.49486653,0,0,26,5,7,2,1,1,1,2,6.2,5.5,5.7,6.3,5.2
42.57905544,0,0,26,2,6,7,1,0,1,1,6.2,6.2,5.7,5.6,7.5
42.57905544,0,0,26,2,6,7,1,0,1,1,6.2,7.6,4.1,4.8,9
114.8583162,1,0,26,10,6,0,1,0,1,0,7,5.5,4.9,4.8,7.5
18.7926078,0,1,30,2,9,7,1,1,1,0,7,2.6,4.1,8.7,9
10.51334702,0,1,37,10,11,3,0,1,1,0,6.2,4.1,4.9,7.9,6.7
51.08829569,1,0,31,8,6,7,1,0,1,0,6.2,2.6,4.9,6.3,6.7
40.47638604,0,1,26,15,13,6,0,1,1,0,6.2,3.4,5.7,6.3,7.5
5.420944559,1,1,44,14,1,7,1,1,1,1,3,6.2,10,4,3.7
71.22792608,1,0,23,4,6,2,1,0,1,0,3.8,4.1,8,7.9,5.2
15.34291581,0,1,33,8,14,3,1,1,1,0,4.6,6.2,9.5,5.6,4.4
21.48665298,0,0,31,11,13,1,1,0,1,2,9.4,5.5,3.3,3.3,5.2
12.32032854,0,1,36,14,6,3,1,1,1,0,7,4.8,4.1,4,4.4
3.252566735,1,0,39,14,6,7,1,1,1,0,2.2,9.8,7.2,3.3,2.1
11.79466119,0,0,29,10,6,0,0,0,1,0,4.6,4.1,8.7,4.8,4.4
108.8788501,1,0,32,2,6,5,1,1,1,0,7.8,7.6,4.1,1.7,5.2
21.88090349,0,0,41,10,6,7,1,1,0,1,7.8,7.6,4.1,1.7,5.2
37.32238193,0,1,25,13,13,6,2,1,1,1,4.6,5.5,8.7,4,3.7
23.95071869,1,1,34,2,1,6,1,1,1,0,9.4,4.8,4.1,7.1,5.2
23.95071869,1,1,34,2,1,6,1,1,1,0,7.8,4.8,3.3,7.1,5.2
51.31827515,0,0,43,7,6,7,1,0,1,1,4.6,5.5,3.3,7.9,7.5
15.60574949,0,1,54,10,11,2,0,1,1,0,7.8,2.6,4.9,8.7,7.5
1.149897331,0,1,30,5,11,5,1,0,1,2,7.8,3.4,1.8,7.1,7.5
51.8110883,0,0,23,13,6,7,0,0,1,0,7,8.4,4.9,3.3,6.7
61.79876797,1,1,22,5,7,7,1,1,1,0,3.8,7.6,4.9,5.6,6
45.43737166,0,0,35,13,6,4,1,0,1,0,6.2,5.5,4.9,6.3,6
17.24845996,0,0,37,3,6,4,1,1,1,0,6.2,2.6,7.2,7.1,2.9
25.98767967,0,1,23,4,9,1,0,1,1,2,6.2,6.2,7.2,4.8,5.2
19.05544148,0,0,26,5,6,7,2,1,0,0,3.8,3.4,8.7,7.1,6
29.70020534,0,1,47,5,3,4,1,1,1,0,1.4,5.5,6.4,10,5.2
29.70020534,0,1,47,5,3,4,1,1,1,0,2.2,5.5,7.2,9.4,6
59.86036961,1,0,27,10,6,7,0,0,1,1,6.2,6.9,4.1,5.6,6
51.84394251,0,0,34,5,1,3,0,1,1,1,4.6,4.1,4.9,9.4,6.7
58.97330595,0,1,25,10,13,7,1,0,1,0,4.6,4.8,6.4,7.9,6.7
85.48665298,0,1,29,10,5,7,2,1,1,0,3.8,2.6,9.5,7.1,2.1
118.899384,1,0,31,12,6,4,1,1,1,0,9.4,8.4,3.3,3.3,8.3
32.32854209,1,0,31,15,6,2,1,1,1,0,7,4.8,6.4,2.5,4.4
38.86652977,1,0,32,14,6,2,1,1,1,1,5.4,4.8,7.2,4,8.3
56.77207392,1,0,36,13,6,7,1,1,1,0,4.6,4.1,6.4,7.1,2.1
56.77207392,1,0,36,13,6,7,1,1,1,0,5.4,3.4,6.4,4.8,2.9
9.691991786,0,0,34,10,6,7,0,0,0,1,4.6,4.8,4.1,7.1,9
7.950718686,0,0,39,14,6,2,1,1,1,0,7.8,4.1,2.6,7.9,6.7
8.87063655,1,0,38,3,6,2,2,0,0,0,3.8,4.1,5.7,4.8,9
8.27926078,1,1,29,10,11,3,0,1,1,0,8.6,4.8,2.6,8.7,7.5
8.772073922,0,0,32,10,6,4,1,1,0,1,6.2,4.8,5.7,4,7.5
3.121149897,0,0,32,5,7,7,0,1,1,1,9.4,6.2,4.1,4.8,7.5
3.121149897,0,0,32,5,7,7,0,1,1,1,7,6.2,5.7,4.8,5.2
33.01848049,0,0,23,13,13,7,1,0,1,0,5.4,6.2,7.2,3.3,2.1
5.815195072,1,0,25,10,14,4,1,1,1,0,4.6,5.5,6.4,5.6,7.5
5.256673511,1,1,34,5,11,3,1,1,1,1,3,6.2,8,4.8,2.9
19.18685832,0,0,43,4,3,2,2,1,1,2,6.2,5.5,3.3,7.9,9
8.180698152,0,1,30,5,7,2,0,1,1,1,3.8,5.5,2.6,9.4,3.7
27.86036961,0,0,31,14,6,6,0,0,1,1,9.4,5.5,2.6,4.8,5.2
3.318275154,0,0,25,2,6,7,2,1,1,1,7,2.6,4.9,7.9,5.2
11.72895277,0,0,22,4,14,7,0,1,1,0,7,4.8,5.7,7.1,7.5
27.56468172,0,1,41,1,13,7,1,0,1,1,3.8,6.9,2.6,7.1,6.7
36.33675565,0,0,32,14,6,0,1,1,1,0,7,9.1,3.3,2.5,6
78.91581109,1,1,21,10,14,3,1,0,0,2,4.6,6.9,4.9,7.1,6
23.45790554,0,0,29,13,6,4,1,0,1,1,6.2,9.1,4.1,3.3,6.7
23.45790554,0,0,29,13,6,4,1,0,1,1,7,7.6,3.3,3.3,6.7
132.4024641,0,1,25,10,7,2,0,1,1,0,4.6,6.9,2.6,4.8,6
45.79876797,1,0,27,13,6,7,0,0,1,0,3.8,9.1,4.1,4.8,4.4
32.45995893,1,0,32,2,6,7,1,1,1,0,3.8,4.1,6.4,7.9,6.7
45.53593429,1,1,39,6,13,3,1,1,1,2,3.8,6.9,4.1,7.1,7.5
43.4661191,0,1,28,14,6,7,0,0,1,1,6.2,3.4,4.9,6.3,6.7
97.44558522,0,0,28,2,11,0,1,1,1,1,7.8,4.8,3.3,6.3,7.5
25.33059548,0,0,32,10,6,5,2,1,1,0,8.6,3.4,3.3,6.3,2.1
29.96303901,0,1,32,5,7,2,0,1,1,0,3.8,7.6,4.9,4.8,4.4
52.73100616,1,0,45,14,6,0,1,1,0,0,5.4,4.1,8,4.8,3.7
52.73100616,1,0,45,14,6,0,1,1,0,0,5.4,5.5,5.7,4,8.3
52.73100616,1,0,45,14,6,0,1,1,0,0,3.8,8.4,5.7,3.3,7.5
20.46817248,0,0,31,4,6,7,0,1,1,0,2.2,6.9,6.4,4.8,2.1
42.94045175,1,1,23,2,6,4,0,0,1,0,4.6,7.6,5.7,4,5.2
89.36344969,1,0,22,8,6,5,1,1,1,0,7,4.8,4.9,6.3,7.5
90.90759754,0,1,32,5,7,6,2,1,1,1,7,4.1,4.1,5.6,6
9.921971253,0,0,20,5,7,2,0,1,1,0,9.4,4.8,2.6,4.8,9
16.49281314,0,0,34,10,6,7,1,0,1,1,9.4,5.5,1.8,4.8,6.7
51.87679671,1,0,19,1,13,6,1,1,1,1,9.4,6.2,3.3,4,6
34.95687885,0,1,38,10,11,0,1,1,1,0,7,2.6,6.4,5.6,5.2
95.96714579,0,0,33,10,1,3,0,1,1,2,4.6,3.4,6.4,6.3,6.7
0.755646817,1,0,43,10,6,2,1,0,1,0,7,5.5,4.1,4,5.2
16.65708419,0,0,38,14,6,3,0,0,1,0,5.4,4.8,5.7,4,3.7
17.41273101,1,0,27,10,6,7,2,0,0,1,7.8,5.5,5.7,6.3,6
79.54004107,0,1,34,0,7,6,1,1,1,0,3.8,5.5,6.4,4,4.4
86.83367556,1,1,24,6,4,6,1,1,1,0,3.8,6.2,8,4,2.9
59.00616016,1,1,36,10,13,2,1,1,1,0,3.8,4.1,8.7,6.3,5.2
46.22587269,1,1,29,13,10,3,1,1,1,0,7,6.2,2.6,6.3,7.5
153.100616,0,1,43,5,11,4,1,1,1,1,6.2,3.4,4.9,7.9,5.2
7.162217659,0,0,39,15,6,3,1,0,1,0,3,7.6,7.2,4,7.5
7.162217659,0,0,39,15,6,3,1,0,1,0,1.4,8.4,8,4.8,6
6.800821355,0,1,31,5,7,7,1,1,1,0,7.8,3.4,1.8,8.7,6.7
79.80287474,0,1,34,5,7,6,1,1,0,0,3.8,5.5,6.4,4,4.4
94.78439425,0,0,31,10,6,6,2,1,1,2,6.2,6.2,3.3,4,9
94.78439425,0,0,31,10,6,6,2,1,1,2,5.4,6.2,4.9,6.3,7.5
59.17043121,0,0,22,10,6,7,2,0,1,0,8.6,4.8,2.6,7.1,8.3
11.00616016,1,1,41,4,6,7,1,1,1,0,3.8,4.1,6.4,9.4,6
6.800821355,0,1,25,14,6,3,1,0,1,0,5.4,4.8,6.4,7.1,8.3
26.67761807,0,0,19,5,6,7,2,0,1,0,7,2.6,6.4,7.1,2.1
11.56468172,0,1,41,5,7,7,1,1,1,2,5.4,4.1,4.9,7.9,7.5
53.35523614,0,0,27,5,6,7,1,1,1,0,3,5.5,6.4,6.3,4.4
12.5174538,0,1,48,14,9,3,1,1,1,0,1.4,6.9,6.4,8.7,6
6.669404517,0,0,27,2,6,7,1,0,1,0,9.4,5.5,3.3,4,7.5
10.61190965,0,0,41,2,6,4,0,1,1,0,8.6,3.4,2.6,4.8,8.3
10.61190965,0,0,41,2,6,4,0,1,1,0,8.6,3.4,2.6,4.8,8.3
118.8008214,0,0,34,12,0,0,1,0,1,0,4.6,5.5,7.2,6.3,3.7
49.41273101,0,0,51,4,6,2,1,1,0,0,3.8,7.6,5.7,6.3,5.2
24.83778234,0,0,29,10,6,7,1,0,1,1,9.4,1.2,4.1,5.6,6.7