Date,A,B,C,D,E,F,G,H,I,J,K,L,M,N,O,P,Q,R,S,T,U,V,W,X,Y,Z
2022-01-05,1330.89,1459.36,2645.33,978.12,3609.85,472.12,351,59,936.53,3834,5186.06,226.92,2024.58,2532.08,2578.75,3380.58,80.01,898.56,1395.78,27.3,284.27,35.64,81.13,25.46,29.7,46.24
2022-01-06,1353.09,1495.2,2714.26,974.7,3585.7,455.88,352.17,57.82,937.72,3800.4,5077.16,222.04,2092.23,2535.8,2652.5,3593.52,82.55,869.12,1421.58,28.6,306.54,31.68,86.45,24.12,29.7,48.96
2022-01-07,1318.68,1435.84,2709.74,951.9,3688.05,441.96,352.17,56.64,890.12,3622.8,4789.18,203.74,2031.96,2494.88,2566.25,3405.78,81.28,848.64,1377.72,28.6,284.27,31.68,83.79,22.78,29.7,47.6
2022-01-08,1343.1,1428,2701.83,902.88,3438.5,454.72,353.34,50.74,821.1,3758.4,4974.31,214.72,2059.02,2501.08,2655,3613.68,83.82,842.24,1380.3,28.6,294.75,35.64,75.81,24.12,31.05,47.6
2022-01-09,1347.54,1485.12,2716.52,873.24,3298.2,454.72,362.7,50.74,810.39,3848.4,4944.06,226.92,2105.76,2416.76,2718.75,3758.58,91.44,805.12,1372.56,28.6,284.27,35.64,82.46,25.46,31.05,44.88
2022-01-10,1309.8,1479.52,2733.47,810.54,3383.3,465.16,352.17,47.2,869.89,3832.8,4938.01,223.26,2046.72,2379.56,2717.5,3706.92,88.9,819.2,1409.97,28.6,280.34,33,81.13,24.12,31.05,44.88
2022-01-11,1193.25,1359.68,2680.36,786.6,3328.1,429.2,341.64,44.84,882.98,3694.8,4818.22,220.82,1977.84,2365.92,2512.5,3517.92,82.55,814.08,1327.41,29.9,271.17,34.32,82.46,24.12,28.35,44.88
2022-01-12,1470.75,1659.84,2226.1,1016.88,2973.9,416.44,296.01,46.02,918.68,3120,4850.89,219.6,2004.9,2077,2170,3533.04,96.52,1108.48,1698.93,27.3,337.98,30.36,79.8,22.78,32.4,57.12
2022-01-13,1459.65,1758.4,2258.87,1057.92,3268.3,409.48,310.05,46.02,940.1,3219.6,4957.37,217.16,2076.24,2150.16,2200,3664.08,100.33,1008.64,1807.29,27.3,337.98,31.68,82.46,22.78,28.35,58.48
2022-01-14,1446.33,1627.36,2121.01,906.3,3236.1,349.16,279.63,40.12,960.33,3300,4902.92,206.18,2062.71,2067.08,1962.5,3408.3,90.17,1003.52,1932.42,27.3,365.49,31.68,82.46,24.12,28.35,58.48
2022-01-15,1530.69,1701.28,2145.87,1055.64,3433.9,402.52,308.88,47.2,1013.88,3529.2,5103.78,214.72,2067.63,2147.68,2043.75,3759.84,101.6,1054.72,1995.63,27.3,394.31,33,79.8,24.12,27,62.56
2022-01-16,1507.38,1583.68,2111.97,1019.16,3565,425.72,308.88,44.84,1042.44,3614.4,4940.43,214.72,2028.27,2193.56,2030,3957.66,106.68,1079.04,2003.37,27.3,394.31,33,78.47,24.12,29.7,65.28
2022-01-17,1546.23,1610.56,2205.76,937.08,3674.25,411.8,314.73,41.3,1066.24,3667.2,4916.23,225.7,2008.59,2194.8,1958.75,3854.34,105.41,1096.96,1856.31,27.3,415.27,33,71.82,24.12,28.35,68
2022-01-18,1566.21,1600.48,2095.02,886.92,3757.05,397.88,299.52,37.76,1047.2,3486,4744.41,211.06,1976.61,2161.32,1733.75,3637.62,93.98,1050.88,1849.86,28.6,382.52,33,69.16,22.78,29.7,65.28
2022-01-19,2574.09,2021.6,1980.89,1274.52,4588.5,475.6,343.98,70.8,1061.48,3594,4562.91,230.58,1908.96,2000.12,2190,3797.64,96.52,1057.28,1972.41,28.6,410.03,30.36,74.48,24.12,29.7,78.88
2022-01-20,2817.18,2199.68,2228.36,1317.84,4743.75,483.72,348.66,66.08,993.65,3384,4457.64,224.48,1990.14,1940.6,2088.75,3955.14,97.79,1099.52,2163.33,28.6,433.61,33,73.15,24.12,29.7,57.12
2022-01-21,2624.04,2171.68,2370.74,1344.06,4899,467.48,326.43,59,978.18,3229.2,4365.68,223.26,2089.77,2100.56,2281.25,4050.9,104.14,1140.48,2269.11,32.5,425.75,33,77.14,21.44,31.05,58.48
2022-01-22,2550.78,2260.16,2232.88,1389.66,5035.85,491.84,335.79,62.54,1032.92,3122.4,4491.52,220.82,2041.8,2130.32,2312.5,4105.08,105.41,1255.68,2329.74,31.2,411.34,34.32,74.48,21.44,29.7,65.28
2022-01-23,2164.5,2153.76,2232.88,1387.38,4925.45,491.84,328.77,60.18,1071,3285.6,4385.04,215.94,1892.97,1884.8,2308.75,4100.04,105.41,1235.2,2307.81,27.3,432.3,34.32,74.48,22.78,29.7,74.8
2022-01-24,2298.81,2048.48,2143.61,1279.08,4690.85,461.68,336.96,61.36,1041.25,3320.4,4314.86,218.38,1885.59,1791.8,2248.75,3924.9,101.6,1249.28,2307.81,28.6,449.33,35.64,75.81,24.12,31.05,73.44
2022-01-25,2429.79,1995.84,2168.47,1231.2,4796.65,450.08,310.05,60.18,1073.38,3162,4002.68,198.86,1876.98,1863.72,1968.75,3720.78,96.52,1244.16,2231.7,29.9,436.23,33,75.81,24.12,32.4,66.64
2022-01-26,1509.6,1685.6,2567.36,1246.02,4551.7,481.4,319.41,56.64,1257.83,4696.8,6042.74,230.58,2397.27,2170,2876.25,4291.56,113.03,1242.88,2365.86,28.6,294.75,23.76,74.48,24.12,29.7,74.8
2022-01-27,1470.75,1732.64,2617.08,1275.66,4725.35,484.88,322.92,59,1260.21,4623.6,6157.69,229.36,2382.51,2198.52,2685,4192.02,115.57,1254.4,2263.95,29.9,279.03,33,74.48,21.44,29.7,61.2
2022-01-28,1490.73,1738.24,2626.12,1301.88,4700.05,466.32,300.69,60.18,1234.03,4562.4,5517.6,212.28,2169.72,1995.16,2257.5,3759.84,83.82,1242.88,2079.48,28.6,244.97,31.68,65.17,22.78,28.35,66.64
2022-01-29,1508.49,1603.84,2594.48,1284.78,4294.1,411.8,306.54,55.46,1259.02,4567.2,5879.39,220.82,2120.52,2048.48,2620,4158,93.98,1122.56,2186.55,28.6,292.13,31.68,74.48,21.44,29.7,73.44
2022-01-30,1567.32,1555.68,2563.97,1197,3928.4,439.64,315.9,55.46,1169.77,4552.8,5870.92,222.04,2226.3,2088.16,2792.5,4374.72,109.22,654.08,1749.24,28.6,309.16,31.68,74.48,24.12,31.05,55.76
2022-01-31,1603.95,1664.32,2513.12,1145.7,4522.95,484.88,314.73,51.92,1128.12,4534.8,5869.71,223.26,2329.62,2093.12,2806.25,4367.16,111.76,714.24,1336.44,26,244.97,30.36,62.51,20.1,27,32.64
2022-02-01,1549.56,1588.16,2528.94,1098.96,4200.95,438.48,288.99,48.38,1126.93,4353.6,5758.39,222.04,2334.54,2021.2,2693.75,4151.7,106.68,793.6,1696.35,23.4,239.73,25.08,66.5,20.1,25.65,46.24
2022-02-02,666,744.8,1489.34,476.52,2534.6,194.88,148.59,25.96,855.61,2442,4215.64,19.52,1972.92,2560.6,2696.25,3058.02,50.8,1025.28,1621.53,23.4,262,31.68,45.22,21.44,25.65,46.24
2022-02-03,695.97,762.72,1597.82,491.34,2539.2,200.68,146.25,25.96,806.82,2544,4176.92,20.74,2001.21,2519.68,2727.5,3075.66,53.34,974.08,1626.69,26,268.55,33,45.22,21.44,28.35,53.04
2022-02-05,705.96,747.04,1596.69,489.06,2700.2,206.48,152.1,27.14,863.94,2605.2,4166.03,15.86,2019.66,2539.52,2770,3089.52,53.34,989.44,1651.2,19.5,273.79,31.68,45.22,21.44,27,53.04
2022-02-06,704.85,748.16,1639.63,511.86,2773.8,211.12,147.42,25.96,873.46,2658,4274.93,20.74,2013.51,2486.2,2758.75,3073.14,53.34,936.96,1646.04,19.5,273.79,31.68,45.22,21.44,27,51.68
2022-02-07,754.8,798.56,1669.01,499.32,2831.3,212.28,145.08,25.96,900.83,2688,4474.58,20.74,2039.34,2509.76,2833.75,3105.9,54.61,931.84,1697.64,19.5,258.07,31.68,45.22,20.1,27,48.96
2022-02-08,800.31,787.36,1683.7,495.9,2773.8,219.24,155.61,25.96,897.26,2756.4,4549.6,21.96,2031.96,2405.6,2827.5,3152.52,54.61,904.96,1764.72,18.2,255.45,30.36,47.88,20.1,28.35,35.36
2022-02-09,782.55,797.44,1682.57,502.74,2774.95,214.6,146.25,25.96,842.52,2786.4,4573.8,21.96,2007.36,2353.52,2860,3157.56,54.61,899.84,1791.81,19.5,259.38,30.36,50.54,21.44,27,42.16
2022-02-10,1021.2,1077.44,1980.89,687.42,2991.15,285.36,198.9,34.22,802.06,2582.4,3697.76,139.08,1879.44,1791.8,1602.5,2535.12,69.85,980.48,1488.66,28.6,281.65,33,73.15,22.78,32.4,57.12
2022-02-11,1174.38,1182.72,2125.53,720.48,3022.2,321.32,251.55,38.94,847.28,2755.2,3873.21,170.8,1927.41,1801.72,1672.5,2754.36,80.01,990.72,1484.79,26,318.33,31.68,75.81,22.78,27,57.12
2022-02-12,1222.11,1301.44,2274.69,779.76,3084.3,358.44,294.84,42.48,880.6,2818.8,4239.84,186.66,1842.54,1807.92,1711.25,2794.68,76.2,1025.28,1514.46,26,331.43,33,77.14,24.12,27,54.4
2022-02-13,1247.64,1338.4,2369.61,770.64,3141.8,370.04,308.88,42.48,893.69,3138,4363.26,207.4,1829.01,1842.64,1835,2906.82,77.47,1002.24,1595.73,23.4,347.15,31.68,79.8,22.78,27,51.68
2022-02-14,1235.43,1372,2382.04,786.6,3184.35,386.28,317.07,42.48,884.17,3385.2,4382.62,209.84,1891.74,1869.92,1512.5,3097.08,81.28,1066.24,1611.21,27.3,339.29,31.68,77.14,21.44,31.05,55.76
2022-02-15,1204.35,1314.88,2316.5,738.72,3236.1,385.12,312.39,41.3,881.79,3342,4363.26,209.84,1908.96,1866.2,1785,3195.36,86.36,1076.48,1590.57,27.3,330.12,33,77.14,25.46,28.35,55.76
2022-02-16,1096.68,1168.16,2287.12,697.68,3091.2,351.48,291.33,36.58,885.36,3142.8,4325.75,209.84,1937.25,1830.24,1771.25,3061.8,80.01,1075.2,1506.72,24.7,320.95,34.32,78.47,22.78,31.05,55.76
2022-02-17,1161.06,1331.68,2630.64,818.52,3006.1,446.6,346.32,44.84,877.03,3807.6,4768.61,218.38,1835.16,1757.08,2566.25,3717,90.17,1053.44,1604.76,28.6,313.09,36.96,83.79,25.46,28.35,53.04
2022-02-18,1217.67,1406.72,2674.71,817.38,3044.05,447.76,353.34,44.84,893.69,3867.6,4833.95,222.04,1821.63,1946.8,2556.25,3744.72,92.71,1027.84,1617.66,27.3,309.16,33,83.79,24.12,29.7,48.96
2022-02-19,1252.08,1445.92,2678.1,828.78,3133.75,466.32,368.55,47.2,905.59,3861.6,4904.13,220.82,1863.45,2016.24,2638.75,3839.22,91.44,977.92,1635.72,28.6,310.47,38.28,78.47,25.46,28.35,50.32
2022-02-20,1228.77,1415.68,2657.76,816.24,3133.75,469.8,361.53,46.02,932.96,3922.8,4881.14,220.82,1851.15,2068.32,2662.5,3798.9,91.44,967.68,1658.94,28.6,307.85,38.28,82.46,25.46,29.7,50.32
2022-02-21,1215.45,1401.12,2673.58,812.82,3082,414.12,355.68,46.02,937.72,3871.2,4831.53,214.72,1961.85,2080.72,2720,3807.72,90.17,940.8,1707.96,28.6,311.78,35.64,83.79,24.12,29.7,51.68
2022-02-22,1184.37,1425.76,2647.59,788.88,3105,459.36,348.66,42.48,929.39,3838.8,4882.35,218.38,1977.84,2104.28,2661.25,3711.96,83.82,952.32,1639.59,28.6,313.09,36.96,82.46,25.46,29.7,58.48
2022-02-23,1126.65,1323.84,2621.6,763.8,3039.45,424.56,320.58,38.94,940.1,3747.6,4748.04,217.16,1956.93,2134.04,2505,3558.24,82.55,938.24,1545.42,28.6,296.06,38.28,82.46,26.8,29.7,48.96
2022-02-24,1730.49,1851.36,2803.53,1274.52,4924.3,522,338.13,61.36,1122.17,4628.4,6164.95,178.12,2423.1,2182.4,2436.25,4353.3,116.84,1235.2,2392.95,28.6,330.12,33,62.51,20.1,29.7,68
2022-02-25,1845.93,1944.32,2914.27,1309.86,5009.4,539.4,343.98,63.72,1059.1,4693.2,6248.44,212.28,2472.3,2254.32,2676.25,4488.12,119.38,1145.6,2400.69,27.3,366.8,35.64,66.5,22.78,27,68
2022-02-26,1952.49,2008.16,2895.06,1386.24,5110.6,537.08,341.64,66.08,1011.5,4678.8,6241.18,203.74,2424.33,2313.84,2578.75,4349.52,113.03,1108.48,2555.49,28.6,374.66,36.96,70.49,24.12,28.35,76.16
2022-02-27,2037.96,2082.08,2825,1460.34,5393.5,541.72,354.51,70.8,1054.34,4729.2,6166.16,217.16,2253.36,2201,2663.75,4403.7,118.11,1172.48,2438.1,27.3,353.7,33,65.17,22.78,29.7,72.08
2022-02-28,2095.68,2117.92,2889.41,1500.24,5119.8,554.48,356.85,73.16,1025.78,4713.6,6121.39,201.3,2414.49,2246.88,2658.75,4321.8,116.84,1236.48,2269.11,27.3,349.77,31.68,65.17,22.78,28.35,65.28
2022-03-01,2069.04,2110.08,2956.08,1507.08,5047.35,553.32,336.96,75.52,442.68,4716,6057.26,209.84,2426.79,2119.16,2486.25,4243.68,109.22,1239.04,2270.4,28.6,377.28,29.04,73.15,24.12,29.7,44.88
2022-03-02,2074.59,2038.4,2940.26,1512.78,5048.5,498.8,315.9,70.8,1053.15,4514.4,5924.16,198.86,2388.66,2070.8,2310,3952.62,104.14,1098.24,1978.86,26,390.38,30.36,78.47,22.78,33.75,59.84
2022-03-03,1193.25,1383.2,2693.92,786.6,3233.8,451.24,332.28,54.28,979.37,3988.8,5501.87,209.84,2249.67,2666,2853.75,3738.42,88.9,897.28,1469.31,28.6,297.37,38.28,89.11,20.1,31.05,46.24
2022-03-05,1142.19,1302.56,2718.78,821.94,3109.6,448.92,334.62,51.92,961.52,4056,5650.7,230.58,2309.94,2709.4,2916.25,3868.2,93.98,908.8,1541.55,28.6,306.54,38.28,87.78,22.78,32.4,48.96
2022-03-06,1156.62,1378.72,2722.17,818.52,3125.7,446.6,341.64,50.74,961.52,3966,5588.99,229.36,2349.3,2724.28,2947.5,3810.24,100.33,915.2,1471.89,27.3,303.92,34.32,87.78,22.78,29.7,57.12
2022-03-07,1186.59,1388.8,2722.17,810.54,3118.8,455.88,360.36,48.38,990.08,3933.6,5501.87,228.14,2359.14,2720.56,2992.5,3880.8,93.98,911.36,1554.45,27.3,315.71,34.32,86.45,21.44,28.35,53.04
2022-03-08,1234.32,1406.72,2752.68,832.2,3244.15,459.36,372.06,51.92,974.61,3964.8,5424.43,224.48,2337,2782.56,3008.75,3960.18,93.98,897.28,1533.81,32.5,288.2,34.32,85.12,24.12,28.35,53.04
2022-03-09,1238.76,1396.64,2753.81,775.2,3184.35,454.72,360.36,47.2,961.52,3888,5365.14,217.16,2319.78,2613.92,2922.5,3859.38,96.52,897.28,1545.42,28.6,301.3,34.32,87.78,22.78,28.35,54.4
2022-03-10,1177.71,1302.56,2740.25,767.22,3183.2,421.08,324.09,43.66,971.04,3796.8,5270.76,217.16,2247.21,2537.04,2721.25,3562.02,85.09,961.28,1437.06,28.6,282.96,34.32,89.11,22.78,29.7,48.96
2022-03-11,2728.38,2083.2,2595.61,1273.38,4172.2,461.68,335.79,63.72,1055.53,3838.8,5124.35,229.36,2158.65,2704.44,2158.75,3588.48,97.79,1121.28,2111.73,29.9,482.08,34.32,73.15,22.78,31.05,69.36
2022-03-12,2849.37,2289.28,2626.12,1386.24,4663.25,505.76,343.98,71.98,1043.63,3756,5190.9,229.36,2270.58,2794.96,2278.75,3810.24,104.14,1132.8,2155.59,29.9,484.7,34.32,69.16,22.78,31.05,76.16
2022-03-13,2944.83,2430.4,2497.3,1459.2,4934.65,530.12,351,76.7,1109.08,3628.8,5315.53,229.36,2302.56,2916.48,2327.5,3931.2,106.68,1085.44,2196.87,28.6,442.78,31.68,75.81,21.44,32.4,72.08
2022-03-14,2958.15,2405.76,2455.49,1512.78,4951.9,512.72,359.19,70.8,1145.97,3668.4,5437.74,233.02,2396.04,2997.08,2397.5,3916.08,109.22,1141.76,2238.15,28.6,487.32,33,74.48,24.12,32.4,73.44
2022-03-15,2862.69,2396.8,2403.51,1511.64,4959.95,513.88,348.66,71.98,1147.16,3802.8,5219.94,231.8,2341.92,2968.56,2408.75,3868.2,107.95,1213.44,2302.65,29.9,476.84,35.64,70.49,24.12,29.7,81.6
2022-03-16,2889.33,2444.96,2424.98,1478.58,5056.55,503.44,368.55,73.16,1154.3,3886.8,4873.88,224.48,2247.21,2544.48,2310,3825.36,106.68,1224.96,2285.88,31.2,457.19,33,71.82,24.12,28.35,63.92
2022-03-17,2590.74,2179.52,2304.07,1298.46,4705.8,404.84,324.09,62.54,1138.83,3601.2,4533.87,218.38,2065.17,2115.44,2151.25,3511.62,93.98,1240.32,2131.08,27.3,461.12,31.68,69.16,22.78,28.35,63.92
2022-03-18,971.25,984.48,1853.2,658.92,2703.65,222.72,159.12,31.86,805.63,3326.4,4895.66,48.8,1827.78,1736,2453.75,2881.62,57.15,761.6,1269.36,18.2,250.21,25.08,57.19,20.1,27,38.08
2022-03-19,904.65,969.92,1869.02,583.68,2554.15,233.16,163.8,30.68,762.79,3434.4,4908.97,57.34,1856.07,1698.8,2521.25,2909.34,66.04,806.4,1260.33,26,256.76,30.36,54.53,21.44,27,46.24
2022-03-20,994.56,1046.08,2035.13,665.76,2863.5,250.56,171.99,30.68,803.25,3492,4938.01,62.22,1916.34,1634.32,2585,2977.38,68.58,846.08,1181.64,19.5,260.69,27.72,55.86,18.76,28.35,46.24
2022-03-21,1071.15,1146.88,2133.44,718.2,3178.6,262.16,182.52,33.04,811.58,3531.6,4946.48,65.88,1749.06,1618.2,2300,2794.68,68.58,838.4,1252.59,19.5,259.38,27.72,54.53,18.76,27,46.24
2022-03-22,1147.74,1214.08,2157.17,753.54,3308.55,259.84,188.37,35.4,843.71,3554.4,4901.71,69.54,1860.99,1738.48,2371.25,2882.88,72.39,864,1377.72,18.2,281.65,29.04,58.52,18.76,24.3,42.16
2022-03-23,1209.9,1281.28,2241.92,793.44,3088.9,251.72,186.03,36.58,868.7,3511.2,4842.42,64.66,1867.14,1659.12,2371.25,2953.44,68.58,862.72,1314.51,19.5,285.58,29.04,55.86,18.76,25.65,50.32
2022-03-24,1209.9,1260,2334.58,778.62,3301.65,270.28,195.39,37.76,888.93,3546,4959.79,70.76,1942.17,1698.8,2348.75,3090.78,78.74,898.56,1233.24,22.1,284.27,26.4,53.2,18.76,24.3,61.2
2022-03-25,1128.87,1282.4,2448.71,712.5,2999.2,383.96,326.43,37.76,852.04,4018.8,5299.8,223.26,2084.85,2215.88,2453.75,3390.66,86.36,922.88,1386.75,28.6,296.06,33,78.47,22.78,28.35,47.6
2022-03-26,1113.33,1279.04,2423.85,723.9,2969.3,395.56,332.28,40.12,866.32,4070.4,5351.83,225.7,2084.85,2241.92,2276.25,3538.08,88.9,952.32,1429.32,27.3,297.37,31.68,75.81,22.78,28.35,46.24
2022-03-27,1087.8,1211.84,2470.18,713.64,2971.6,401.36,334.62,41.3,850.85,4038,5336.1,226.92,2089.77,2117.92,2322.5,3531.78,91.44,944.64,1462.86,26,305.23,34.32,77.14,24.12,29.7,48.96
2022-03-28,1103.34,1123.36,2406.9,711.36,2739.3,350.32,329.94,41.3,849.66,4016.4,5368.77,215.94,2073.78,2095.6,2385,3349.08,90.17,953.6,1457.7,27.3,302.61,34.32,73.15,24.12,29.7,48.96
2022-03-29,1141.08,1230.88,2398.99,723.9,2716.3,396.72,341.64,41.3,855.61,4040.4,5368.77,224.48,2062.71,2090.64,2441.25,3335.22,92.71,958.72,1471.89,27.3,299.99,31.68,73.15,24.12,29.7,53.04
2022-03-30,1125.54,1215.2,2410.29,688.56,2765.75,396.72,340.47,38.94,853.23,4002,5384.5,223.26,2091,2074.52,2386.25,3150,87.63,992,1491.24,28.6,301.3,33,79.8,24.12,29.7,46.24
2022-03-31,1031.19,1094.24,2376.39,652.08,2674.9,358.44,301.86,36.58,838.95,3819.6,5135.24,215.94,1865.91,1974.08,2028.75,2668.68,73.66,1072.64,1317.09,27.3,267.24,34.32,78.47,24.12,28.35,46.24
2022-04-01,1313.13,1318.24,2367.35,703.38,3354.55,408.32,314.73,36.58,1120.98,4218,5702.73,223.26,2431.71,2776.36,3156.25,4358.34,107.95,1114.88,1962.09,26,324.88,27.72,75.81,22.78,36.45,53.04
2022-04-02,1370.85,1382.08,2444.19,733.02,3213.1,408.32,306.54,36.58,1142.4,4267.2,5856.4,222.04,2430.48,2842.08,3416.25,4307.94,106.68,1259.52,1873.08,28.6,303.92,30.36,73.15,25.46,36.45,51.68
2022-04-03,1408.59,1395.52,2434.02,751.26,3422.4,415.28,312.39,37.76,1167.39,4291.2,5924.16,224.48,2436.63,2812.32,3203.75,4411.26,106.68,1263.36,1880.82,26,297.37,31.68,74.48,25.46,28.35,51.68
2022-04-05,1440.78,1414.56,2427.24,768.36,3548.9,278.4,298.35,37.76,1156.68,4375.2,5901.17,225.7,2445.24,2797.44,3178.75,4359.6,107.95,1158.4,2065.29,27.3,322.26,33,75.81,25.46,29.7,53.04
2022-04-06,1459.65,1449.28,2518.77,818.52,3655.85,428.04,299.52,40.12,1161.44,4398,5847.93,223.26,2455.08,2824.72,3197.5,4423.86,106.68,1162.24,2227.83,29.9,337.98,31.68,79.8,21.44,28.35,55.76
2022-04-07,1451.88,1429.12,2490.52,842.46,3680,426.88,293.67,40.12,1224.51,4396.8,5856.4,223.26,2464.92,2840.84,3168.75,4401.18,106.68,1168.64,2118.18,29.9,335.36,33,74.48,21.44,31.05,57.12
2022-04-08,1347.54,1275.68,2457.75,787.74,3360.3,395.56,270.27,35.4,1163.82,4206,5590.2,215.94,2419.41,2716.84,2908.75,4120.2,99.06,1063.68,2043.36,23.4,199.12,26.4,71.82,18.76,24.3,51.68
2022-04-09,1129.98,1314.88,2626.12,699.96,3006.1,416.44,334.62,38.94,980.56,3914.4,5316.74,222.04,2338.23,2694.52,2938.75,4013.1,96.52,977.92,1442.22,24.7,310.47,35.64,86.45,25.46,28.35,50.32
2022-04-10,1113.33,1314.88,2585.44,730.74,2985.4,419.92,348.66,38.94,1068.62,3830.4,5250.19,224.48,2388.66,2709.4,2931.25,4127.76,97.79,960,1451.25,28.6,298.68,27.72,87.78,22.78,28.35,39.44
2022-04-11,1127.76,1312.64,2514.25,753.54,2781.85,429.2,360.36,41.3,1095.99,3775.2,5238.09,225.7,2455.08,2721.8,2971.25,4193.28,100.33,990.72,1415.13,28.6,293.44,35.64,85.12,22.78,28.35,47.6
2022-04-12,1127.76,1312.64,2514.25,753.54,2781.85,429.2,360.36,41.3,1095.99,3775.2,5238.09,225.7,2420.64,2672.2,3078.75,4227.3,102.87,971.52,1409.97,29.9,259.38,35.64,87.78,24.12,27,38.08
2022-04-13,1185.48,1385.44,2613.69,745.56,3082,429.2,345.15,40.12,1098.37,3871.2,5092.89,215.94,2372.67,2714.36,3145,4295.34,102.87,963.84,1488.66,27.3,299.99,33,89.11,24.12,28.35,46.24
2022-04-14,1175.49,1253.28,2526.68,718.2,2967,426.88,355.68,40.12,1098.37,3871.2,5216.31,211.06,2346.84,2661.04,3091.25,4215.96,99.06,1103.36,1457.7,27.3,309.16,35.64,90.44,24.12,29.7,50.32
2022-04-15,1033.41,1064,2395.6,686.28,2645,367.72,314.73,34.22,1071,3836.4,5078.37,219.6,2333.31,2708.16,2782.5,3942.54,93.98,1111.04,1411.26,27.3,292.13,31.68,85.12,20.1,28.35,42.16
2022-04-16,2772.78,2214.24,2718.78,1404.48,4404.5,465.16,335.79,73.16,1013.88,4087.2,5278.02,226.92,2167.26,1882.32,2393.75,4156.74,106.68,1166.08,2365.86,31.2,434.92,34.32,74.48,25.46,32.4,77.52
2022-04-17,2781.66,2349.76,2744.77,1437.54,4690.85,515.04,340.47,73.16,1084.09,4016.4,5457.1,228.14,2190.63,1941.84,2490,4381.02,111.76,1189.12,2518.08,29.9,428.37,33,75.81,20.1,33.75,73.44
2022-04-18,3042.51,2457.28,2808.05,1540.14,4794.35,539.4,360.36,76.7,1076.95,3969.6,5551.48,230.58,2201.7,2011.28,2476.25,4161.78,109.22,1250.56,2342.64,29.9,362.87,31.68,70.49,24.12,33.75,69.36
2022-04-19,2990.34,2453.92,2819.35,1541.28,5003.65,541.72,366.21,75.52,1066.24,4082.4,5429.27,233.02,2191.86,2053.44,2477.5,4208.4,107.95,1233.92,2352.96,28.6,372.04,34.32,77.14,26.8,31.05,89.76
2022-04-20,3137.97,2460.64,2878.11,1521.9,5138.2,547.52,370.89,79.06,1038.87,3981.6,4931.96,225.7,2275.5,2027.4,2440,4249.98,109.22,1131.52,2269.11,28.6,387.76,34.32,71.82,22.78,29.7,74.8
2022-04-21,3124.65,2514.4,2889.41,1558.38,5204.9,563.76,368.55,80.24,1067.43,3938.4,4700.85,208.62,2270.58,1822.8,2397.5,4280.22,109.22,1157.12,2274.27,29.9,407.41,36.96,77.14,22.78,29.7,73.44
2022-04-22,3174.6,2372.16,2784.32,1550.4,5118.65,520.84,333.45,71.98,1026.97,3834,4490.31,212.28,2143.89,1690.12,2128.75,4025.7,102.87,1131.52,2096.25,28.6,428.37,35.64,79.8,22.78,29.7,74.8
2022-04-23,1351.98,1349.6,2741.38,728.46,2988.85,404.84,321.75,40.12,902.02,4275.6,6000.39,228.14,2398.5,3163.24,3033.75,3926.16,95.25,899.84,1500.27,29.9,271.17,34.32,73.15,25.46,28.35,48.96
2022-04-24,1385.28,1396.64,2766.24,725.04,2875,409.48,338.13,40.12,859.18,4256.4,5979.82,228.14,2430.48,3164.48,3126.25,4079.88,100.33,917.76,1464.15,26,297.37,33,79.8,25.46,29.7,47.6
2022-04-25,1386.39,1397.76,2769.63,727.32,2963.55,412.96,341.64,41.3,918.68,4166.4,5945.94,230.58,2474.76,3140.92,3120,4102.56,101.6,896,1488.66,28.6,251.52,33,78.47,22.78,31.05,44.88
2022-04-26,1351.98,1377.6,2776.41,712.5,2881.9,417.6,340.47,41.3,942.48,4134,5970.14,233.02,2447.7,3096.28,3150,4136.58,100.33,864,1544.13,27.3,275.1,34.32,75.81,21.44,29.7,46.24
2022-04-27,1254.3,1377.6,2782.06,727.32,3161.35,417.6,336.96,41.3,974.61,4344,5964.09,225.7,2468.61,3149.6,3166.25,4146.66,99.06,889.6,1546.71,27.3,297.37,34.32,77.14,22.78,29.7,47.6
2022-04-28,1075.59,1209.6,2666.8,687.42,2843.95,404.84,326.43,41.3,996.03,4339.2,5866.08,236.68,2469.84,3173.16,3100,4112.64,99.06,885.76,1554.45,27.3,302.61,35.64,78.47,21.44,29.7,46.24
2022-04-29,1085.58,1058.4,2600.13,660.06,2481.7,363.08,292.5,40.12,1012.69,4156.8,5527.28,207.4,2386.2,3071.48,2803.75,3815.28,90.17,862.72,1433.19,27.3,276.41,34.32,73.15,22.78,28.35,46.24
2022-04-30,1252.08,1405.6,2627.25,845.88,3228.05,450.08,351,51.92,928.2,3916.8,5415.96,230.58,2043.03,2710.64,2546.25,3499.02,86.36,840.96,1377.72,31.2,298.68,33,79.8,25.46,28.35,44.88
2022-05-01,1316.46,1468.32,2630.64,876.66,3180.9,453.56,355.68,53.1,930.58,3957.6,5526.07,231.8,2062.71,2770.16,2612.5,3602.34,85.09,856.32,1442.22,28.6,284.27,35.64,79.8,24.12,29.7,47.6
2022-05-02,1345.32,1479.52,2662.28,876.66,3188.95,464,351,53.1,935.34,3904.8,5418.38,231.8,2023.35,2798.68,2551.25,3289.86,81.28,839.68,1422.87,28.6,294.75,35.64,85.12,24.12,29.7,50.32
2022-05-03,1368.63,1506.4,2629.51,902.88,3371.8,489.52,358.02,57.82,886.55,3892.8,5176.38,230.58,2068.86,2761.48,2590,3432.24,86.36,835.84,1413.84,28.6,293.44,34.32,83.79,25.46,31.05,51.68
2022-05-05,1341.99,1496.32,2655.5,934.8,3505.2,480.24,355.68,57.82,896.07,3850.8,5184.85,228.14,2122.98,2798.68,2645,3419.64,86.36,847.36,1380.3,29.9,298.68,35.64,82.46,22.78,31.05,44.88
2022-05-06,1355.31,1489.6,2650.98,916.56,3415.5,481.4,351,55.46,902.02,3811.2,5148.55,228.14,2092.23,2582.92,2601.25,3481.38,85.09,899.84,1433.19,28.6,293.44,34.32,85.12,22.78,31.05,47.6
2022-05-07,1263.18,1395.52,2610.3,889.2,3542,453.56,321.75,51.92,918.68,3680.4,5025.13,224.48,2004.9,2539.52,2416.25,3265.92,78.74,916.48,1299.03,27.3,280.34,31.68,82.46,22.78,28.35,46.24
2022-05-08,2374.29,2011.52,2551.54,1122.9,3759.35,444.28,341.64,59,1231.65,3806.4,4956.16,224.48,1944.63,2225.8,2216.25,3533.04,96.52,1148.16,2150.43,26,356.32,33,77.14,21.44,27,63.92
2022-05-09,2445.33,2084.32,2582.05,1132.02,3776.6,460.52,348.66,62.54,1173.34,3846,4876.3,226.92,1883.13,2100.56,1978.75,3558.24,95.25,1216,1974.99,26,323.57,30.36,75.81,21.44,27,57.12
2022-05-10,2474.19,2078.72,2542.5,1167.36,3853.65,468.64,359.19,62.54,1030.54,3752.4,4737.15,225.7,1892.97,1905.88,1990,3556.98,92.71,1144.32,1794.39,27.3,336.67,30.36,81.13,21.44,27,58.48
2022-05-11,2434.23,2063.04,2560.58,1169.64,3470.7,462.84,343.98,61.36,1001.98,3679.2,4663.34,225.7,1816.71,1910.84,1935,3539.34,93.98,1121.28,1842.12,18.2,377.28,31.68,85.12,21.44,28.35,61.2
2022-05-12,2194.47,2010.4,2508.6,1150.26,3177.45,450.08,335.79,55.46,967.47,3472.8,4594.37,224.48,1841.31,1843.88,2058.75,3698.1,97.79,1076.48,1817.61,24.7,387.76,30.36,81.13,22.78,28.35,59.84
2022-05-13,1832.61,1896.16,2382.04,1078.44,3004.95,423.4,319.41,50.74,961.52,3350.4,4665.76,224.48,1896.66,1986.48,2037.5,3674.16,99.06,1064.96,1720.86,29.9,385.14,31.68,81.13,18.76,29.7,63.92
2022-05-14,1360.86,1601.6,2236.27,965.58,2810.6,382.8,286.65,40.12,906.78,3094.8,4606.47,220.82,1968,2062.12,1950,3461.22,92.71,1009.92,1581.54,28.6,347.15,29.04,81.13,21.44,32.4,55.76
2022-05-15,2729.49,2176.16,2736.86,1329.24,4854.15,497.64,359.19,74.34,1311.38,4106.4,5338.52,230.58,2033.19,2282.84,2148.75,3753.54,97.79,1263.36,2506.47,28.6,386.45,34.32,77.14,25.46,29.7,76.16
2022-05-16,2816.07,2366.56,2840.82,1470.6,4931.2,502.28,355.68,80.24,1328.04,4264.8,5461.94,234.24,2068.86,2369.64,2056.25,3767.4,99.06,1312,2479.38,29.9,364.18,33,71.82,25.46,27,65.28
2022-05-17,2939.28,2330.72,2901.84,1486.56,4678.2,526.64,374.4,75.52,1267.35,4251.6,5396.6,233.02,2154.96,2463.88,2161.25,3934.98,107.95,1246.72,2328.45,31.2,382.52,33,71.82,28.14,29.7,66.64
2022-05-18,2548.56,2051.84,2478.09,1313.28,4280.3,472.12,345.15,70.8,1191.19,4161.6,5127.98,231.8,2141.43,2467.6,2046.25,3937.5,107.95,1112.32,2251.05,29.9,415.27,34.32,74.48,25.46,31.05,63.92
2022-05-19,2446.44,1984.64,2466.79,1246.02,4111.25,458.2,345.15,64.9,1150.73,4065.6,4846.05,231.8,1952.01,2158.84,2185,3788.82,106.68,1103.36,2225.25,29.9,411.34,34.32,74.48,22.78,29.7,68
2022-05-20,2289.93,1767.36,2245.31,1147.98,4129.65,444.28,338.13,57.82,1091.23,4015.2,4525.4,228.14,1905.27,2080.72,2067.5,3846.78,101.6,1125.12,2141.4,29.9,399.55,31.68,75.81,21.44,31.05,62.56
2022-05-21,2340.99,1723.68,1800.09,1127.46,4187.15,433.84,307.71,57.82,1115.03,3778.8,4414.08,228.14,1857.3,1997.64,2010,3583.44,93.98,1139.2,1951.77,29.9,404.79,34.32,73.15,21.44,31.05,65.28
2022-05-22,1355.31,1435.84,2322.15,1047.66,3936.45,444.28,297.18,48.38,1188.81,4574.4,5989.5,228.14,2184.48,2003.84,2942.5,4091.22,113.03,1022.72,1954.35,24.7,311.78,34.32,66.5,21.44,28.35,58.48
2022-05-23,1431.9,1552.32,2449.84,1132.02,4163,458.2,304.2,51.92,1195.95,4318.8,5983.45,197.64,2191.86,2034.84,2882.5,4072.32,114.3,1162.24,2069.16,28.6,337.98,34.32,73.15,22.78,29.7,72.08
2022-05-24,1205.46,1587.04,2498.43,1216.38,4378.05,477.92,290.16,54.28,1220.94,4550.4,6057.26,220.82,2289.03,2121.64,2913.75,4255.02,113.03,1177.6,2193,27.3,355.01,34.32,71.82,24.12,27,76.16
2022-05-25,1403.04,1618.4,2561.71,1269.96,4451.65,469.8,297.18,56.64,1236.41,4647.6,6208.51,231.8,2328.39,2182.4,3023.75,4311.72,115.57,1221.12,2337.48,28.6,378.59,36.96,66.5,24.12,28.35,73.44
2022-05-26,1472.97,1643.04,2559.45,1250.58,4451.65,477.92,321.75,56.64,1255.45,4714.8,6192.78,224.48,2377.59,2193.56,2956.25,4437.72,115.57,1235.2,2307.81,29.9,353.7,35.64,70.49,25.46,28.35,69.36
2022-05-27,1479.63,1604.96,2579.79,1176.48,4186,474.44,328.77,53.1,1237.6,4675.2,6210.93,222.04,2377.59,2193.56,2956.25,4437.72,115.57,1235.2,2307.81,29.9,353.7,35.64,70.49,25.46,28.35,69.36
2022-05-28,1401.93,1488.48,2539.11,1125.18,4125.05,448.92,300.69,48.38,1238.79,4504.8,6099.61,223.26,2324.7,2121.64,2738.75,4103.82,105.41,1210.88,2292.33,27.3,288.2,25.08,70.49,24.12,29.7,61.2
2022-05-29,957.93,1041.6,2019.31,525.54,2769.2,261,152.1,28.32,971.04,3388.8,4786.76,164.7,2173.41,2724.28,2830,3483.9,77.47,851.2,1295.16,27.3,248.9,31.68,74.48,21.44,29.7,42.16
2022-05-30,829.17,1030.4,1942.47,555.18,2845.1,251.72,239.85,28.32,1028.16,3492,4883.56,183,2231.22,2788.76,2978.75,3812.76,88.9,884.48,1479.63,24.7,281.65,35.64,77.14,24.12,28.35,47.6
2022-05-31,772.56,962.08,1936.82,524.4,2778.4,226.2,182.52,27.14,961.52,3156,4772.24,157.38,2157.42,2612.68,2890,3662.82,63.5,956.16,1372.56,26,279.03,34.32,70.49,22.78,27,48.96
2022-06-01,700.41,859.04,1821.56,525.54,2758.85,211.12,149.76,27.14,894.88,2858.4,4330.59,39.04,1993.83,2571.76,2686.25,3229.38,53.34,1012.48,1390.62,27.3,255.45,30.36,66.5,20.1,28.35,47.6
2022-06-02,742.59,836.64,1445.27,502.74,2747.35,208.8,140.4,27.14,873.46,2490,3968.8,26.84,1964.31,2511,2670,3098.34,52.07,1058.56,1442.22,26,250.21,33,62.51,21.44,28.35,43.52
2022-06-03,639.36,738.08,1195.54,506.16,2498.95,197.2,150.93,28.32,916.3,2307.6,4213.22,24.4,1972.92,2513.48,2717.5,3083.22,52.07,1032.96,1509.3,26,269.86,33,57.19,24.12,28.35,42.16
2022-06-05,622.71,725.76,1395.55,483.36,2523.1,196.04,147.42,25.96,875.84,2420.4,4247.1,20.74,1980.3,2586.64,2682.5,3080.7,52.07,1059.84,1615.08,24.7,275.1,31.68,49.21,20.1,27,48.96
2022-06-06,1258.74,1405.6,2295.03,893.76,3412.05,407.16,311.22,43.66,881.79,4214.4,4328.17,222.04,1875.75,1775.68,1825,3196.62,88.9,1072.64,2040.78,26,343.22,31.68,74.48,22.78,28.35,68
2022-06-07,1328.67,1482.88,2289.38,865.26,3340.75,402.52,318.24,40.12,912.73,4173.6,4642.77,208.62,1804.41,1820.32,1827.5,3244.5,91.44,1098.24,2058.84,26,352.39,33,78.47,22.78,29.7,63.92
2022-06-08,1381.95,1534.4,2266.78,845.88,3298.2,403.68,325.26,43.66,900.83,4053.6,4693.59,223.26,1776.12,1812.88,1842.5,3301.2,92.71,1021.44,1929.84,28.6,349.77,35.64,78.47,22.78,28.35,51.68
2022-06-09,1395.27,1544.48,2285.99,865.26,3297.05,416.44,320.58,43.66,866.32,3928.8,4642.77,226.92,1803.18,1800.48,1840,3268.44,90.17,906.24,1609.92,26,322.26,33,81.13,22.78,28.35,55.76
2022-06-10,1354.2,1508.64,2308.59,866.4,3483.35,417.6,322.92,43.66,879.41,3752.4,4394.72,222.04,1862.22,1852.56,1772.5,3351.6,97.79,902.4,1426.74,27.3,292.13,33,75.81,22.78,28.35,53.04
2022-06-11,1298.7,1397.76,2226.1,787.74,3309.7,379.32,294.84,40.12,874.65,3348,4203.54,209.84,1842.54,1852.56,1751.25,3042.9,88.9,945.92,1500.27,27.3,265.93,33,73.15,24.12,28.35,50.32
2022-06-12,1006.77,1168.16,2093.89,693.12,3335,302.76,198.9,34.22,815.15,2799.6,3798.19,146.4,1797.03,1759.56,1657.5,2465.82,67.31,974.08,1469.31,28.6,297.37,33,74.48,22.78,32.4,55.76
2022-06-13,1141.08,1290.24,2544.76,774.06,2983.1,406,339.3,43.66,961.52,4006.8,4990.04,218.38,2031.96,2255.56,2648.75,3505.32,87.63,865.28,1555.74,28.6,303.92,38.28,82.46,24.12,28.35,53.04
2022-06-14,1025.64,1096.48,2351.53,771.78,2658.8,331.76,324.09,44.84,950.81,3951.6,5046.91,220.82,2049.18,2286.56,2702.5,3548.16,88.9,1048.32,1606.05,27.3,307.85,34.32,82.46,25.46,28.35,51.68
2022-06-15,1168.83,1331.68,2565.1,807.12,2791.05,432.68,342.81,44.84,984.13,3931.2,5050.54,222.04,2060.25,2303.92,2700,3651.48,88.9,1047.04,1621.53,27.3,305.23,36.96,78.47,25.46,29.7,53.04
2022-06-16,1154.4,1324.96,2540.24,802.56,2987.7,443.12,348.66,44.84,961.52,3928.8,5000.93,222.04,2087.31,2281.6,2733.75,3715.74,90.17,940.8,1640.88,31.2,307.85,38.28,79.8,25.46,29.7,50.32
2022-06-17,1168.83,1273.44,2476.96,826.5,2831.3,451.24,349.83,44.84,942.48,3870,4810.96,220.82,2087.31,2193.56,2742.5,3766.14,91.44,965.12,1611.21,29.9,311.78,36.96,83.79,25.46,28.35,51.68
2022-06-18,1057.83,1200.64,2502.95,668.04,2748.5,387.44,298.35,38.94,767.55,3572.4,4254.36,181.78,2073.78,1955.48,2535,3568.32,81.28,1076.48,1480.92,28.6,296.06,34.32,83.79,26.8,29.7,46.24
2022-06-19,1086.69,1161.44,2506.34,726.18,2864.65,412.96,314.73,38.94,823.48,3602.4,4375.36,197.64,2001.21,1737.24,2466.25,3438.54,82.55,1052.16,1449.96,28.6,294.75,38.28,78.47,26.8,29.7,42.16
2022-06-20,1622.82,1769.6,2562.84,1171.92,4746.05,510.4,326.43,60.18,1097.18,4585.2,6134.7,215.94,2375.13,2135.28,2822.5,4396.14,111.76,1201.92,2374.89,26,340.6,30.36,69.16,24.12,28.35,59.84
2022-06-21,1763.79,1873.76,2606.91,1263.12,4755.25,523.16,341.64,62.54,1098.37,4654.8,6214.56,222.04,2480.91,2145.2,2771.25,4532.22,115.57,1088,2493.57,27.3,361.56,34.32,69.16,24.12,28.35,69.36
2022-06-22,1881.45,1920.8,2639.68,1299.6,4925.45,415.28,153.27,64.9,1057.91,4611.6,6218.19,219.6,2490.75,2124.12,2742.5,4586.4,111.76,1043.2,2476.8,28.6,355.01,34.32,69.16,25.46,31.05,70.72
2022-06-23,1794.87,1841.28,2715.39,1305.3,5083,547.52,343.98,61.36,1098.37,4693.2,6317.41,220.82,2490.75,2171.24,2736.25,4602.78,118.11,1207.04,2227.83,27.3,334.05,31.68,69.16,24.12,29.7,63.92
2022-06-24,1547.34,1654.24,2644.2,1202.7,4579.3,523.16,336.96,57.82,1112.65,4659.6,6114.13,218.38,2458.77,2139,2566.25,4479.3,107.95,1177.6,2376.18,28.6,323.57,29.04,71.82,20.1,32.4,48.96
2022-06-25,1580.64,1747.2,2698.44,1244.88,4670.15,517.36,340.47,54.28,1095.99,4617.6,6089.93,218.38,2472.3,2140.24,2426.25,4430.16,114.3,1164.8,2007.24,29.9,327.5,30.36,67.83,21.44,32.4,48.96
2022-06-26,1667.22,1691.2,2709.74,1138.86,4769.05,486.04,311.22,50.74,1104.32,4464,5898.75,215.94,2448.93,2121.64,2200,4136.58,107.95,1160.96,1998.21,28.6,337.98,33,70.49,22.78,29.7,70.72
2022-06-27,1166.61,1415.68,2646.46,885.78,3233.8,464,376.74,53.1,936.53,3897.6,5395.39,223.26,2180.79,2626.32,2920,3565.8,87.63,883.2,1447.38,31.2,281.65,36.96,86.45,25.46,31.05,47.6
2022-06-28,1182.15,1451.52,2716.52,865.26,3262.55,475.6,383.76,50.74,949.62,3925.2,5536.96,226.92,2221.38,2685.84,2922.5,3704.4,87.63,875.52,1577.67,27.3,299.99,31.68,86.45,21.44,28.35,47.6
2022-06-29,1234.32,1459.36,2697.31,873.24,3256.8,459.36,366.21,49.56,917.49,3949.2,5568.42,229.36,2243.52,2682.12,2935,3747.24,88.9,899.84,1532.52,27.3,315.71,30.36,87.78,21.44,28.35,61.2
2022-06-30,1232.1,1451.52,2696.18,855,3111.9,455.88,369.72,49.56,961.52,4051.2,5618.03,225.7,2266.89,2714.36,2915,3808.98,90.17,908.8,1526.07,29.9,298.68,35.64,86.45,25.46,33.75,46.24
2022-07-01,1253.19,1473.92,2684.88,866.4,3264.85,462.84,375.57,49.56,978.18,4098,5638.6,231.8,2248.44,2693.28,2920,3783.78,95.25,889.6,1566.06,29.9,302.61,35.64,87.78,25.46,33.75,47.6
2022-07-02,1268.73,1466.08,2774.15,813.96,3272.9,462.84,352.17,48.38,996.03,4069.2,5622.87,228.14,2250.9,2648.64,2857.5,3773.7,92.71,901.12,1536.39,27.3,303.92,35.64,89.11,26.8,31.05,46.24
2022-07-03,1102.23,1307.04,2610.3,687.42,3246.45,388.6,311.22,48.38,952,3752.4,5131.61,181.78,2198.01,2579.2,2683.75,3405.78,80.01,897.28,1386.75,29.9,290.82,36.96,86.45,25.46,31.05,44.88
2022-07-04,1819.29,1764,2044.17,1183.32,4363.1,393.24,283.14,56.64,1124.55,3602.4,5136.45,230.58,2020.89,2700.72,1981.25,3553.2,95.25,1149.44,1958.22,29.9,448.02,31.68,69.16,21.44,32.4,66.64
2022-07-05,2135.64,1975.68,2224.97,1264.26,4462,467.48,300.69,60.18,1118.6,3688.8,5247.77,230.58,1991.37,2701.96,2001.25,3544.38,93.98,1233.92,2150.43,28.6,471.6,34.32,75.81,22.78,32.4,68
2022-07-06,2325.45,2102.24,2436.28,1342.92,4364.25,480.24,312.39,64.9,1120.98,3752.4,5222.36,224.48,1966.77,2700.72,2112.5,3569.58,97.79,1369.6,2322,31.2,497.8,33,71.82,21.44,33.75,72.08
2022-07-07,2463.09,2125.76,2508.6,1318.98,4284.9,472.12,321.75,67.26,1153.11,3758.4,5163.07,231.8,1979.07,2532.08,2105,3525.48,93.98,1277.44,2378.76,33.8,487.32,38.28,71.82,24.12,35.1,72.08
2022-07-08,2654.01,2247.84,2618.21,1333.8,4601.15,497.64,347.49,66.08,1160.25,3760.8,5164.28,230.58,2025.81,2398.16,2100,3580.92,95.25,1218.56,2174.94,33.8,434.92,27.72,73.15,24.12,36.45,69.36
2022-07-09,2726.16,2191.84,2688.27,1255.14,4237.75,473.28,335.79,60.18,1130.5,3450,5130.4,228.14,2034.42,2611.44,2000,3580.92,100.33,1203.2,2084.64,31.2,455.88,33,73.15,25.46,33.75,59.84
2022-07-10,2657.34,1961.12,2588.83,1163.94,3928.4,430.36,299.52,50.74,1080.52,3483.6,5010.61,224.48,2051.64,2630.04,1948.75,3292.38,93.98,1123.84,1954.35,27.3,459.81,31.68,71.82,24.12,32.4,62.56
2022-07-11,864.69,969.92,1941.34,658.92,3223.45,250.56,141.57,29.5,910.35,3135.6,4604.05,32.94,2075.01,1783.12,2455,3196.62,68.58,892.16,1532.52,18.2,206.98,33,53.2,18.76,27,44.88
2022-07-11,835.83,964.32,1741.33,682.86,3085.45,256.36,162.63,30.68,927.01,3189.6,4702.06,35.38,2098.38,1799.24,2592.5,3220.56,72.39,1000.96,1527.36,18.2,203.05,30.36,49.21,20.1,28.35,46.24
2022-07-12,760.35,945.28,1841.9,647.52,2992.3,262.16,162.63,28.32,840.14,3216,4829.11,36.6,2082.39,1771.96,2590,3213,71.12,828.16,1062.96,14.3,193.88,27.72,50.54,18.76,18.9,47.6
2022-07-12,901.32,1004.64,1932.3,668.04,3254.5,267.96,168.48,30.68,893.69,3309.6,4908.97,39.04,2092.23,1765.76,2598.75,3282.3,73.66,814.08,1226.79,18.2,187.33,30.36,53.2,18.76,27,44.88
2022-07-13,929.07,1034.88,1889.36,682.86,3270.6,270.28,166.14,31.86,894.88,3346.8,4963.42,40.26,2097.15,1796.76,2568.75,3297.42,72.39,861.44,1287.42,16.9,220.08,27.72,54.53,18.76,24.3,39.44
2022-07-13,1010.1,1055.04,1927.78,678.3,3376.4,264.48,164.97,33.04,886.55,3367.2,4993.67,41.48,2083.62,1810.4,2418.75,3286.08,73.66,723.2,1203.57,18.2,216.15,29.04,54.53,18.76,24.3,39.44
2022-07-14,1016.76,1081.92,1898.4,709.08,3407.45,277.24,170.82,33.04,862.75,3304.8,4893.24,46.36,1956.93,1747.16,2477.5,3263.4,71.12,704,1261.62,16.9,222.7,27.72,57.19,18.76,24.3,39.44
2022-07-14,1118.88,1247.68,2352.66,701.1,3042.9,385.12,319.41,38.94,842.52,3801.6,5104.99,220.82,2153.73,2374.6,2255,3563.28,91.44,853.76,1429.32,27.3,296.06,33,78.47,22.78,31.05,47.6
2022-07-15,1110,1288,2393.34,713.64,3085.45,395.56,320.58,40.12,841.33,3822,5200.58,219.6,2137.74,2363.44,2293.75,3671.64,93.98,942.08,1434.48,27.3,309.16,34.32,78.47,24.12,28.35,47.6
2022-07-15,1168.83,1283.52,2426.11,725.04,3062.45,395.56,324.09,41.3,846.09,3823.2,5218.73,223.26,2061.48,2415.52,2327.5,3656.52,93.98,958.72,1471.89,27.3,303.92,33,79.8,25.46,28.35,47.6
2022-07-16,1158.84,1307.04,2435.15,722.76,3065.9,401.36,326.43,40.12,852.04,3916.8,5244.14,224.48,2073.78,2445.28,2327.5,3516.66,91.44,957.44,1452.54,27.3,305.23,33,79.8,29.48,31.05,54.4
2022-07-17,1179.93,1302.56,2471.31,729.6,3057.85,400.2,319.41,40.12,860.37,4012.8,5200.58,223.26,2086.08,2360.96,2330,3447.36,91.44,948.48,1473.18,26,310.47,31.68,79.8,22.78,28.35,48.96
2022-07-18,1139.97,1283.52,2492.78,688.56,2990,402.52,329.94,38.94,847.28,3975.6,5215.1,223.26,2082.39,2201,2350,3370.5,87.63,944.64,1469.31,27.3,305.23,33,82.46,24.12,28.35,48.96
2022-07-19,1097.79,1182.72,2429.5,661.2,2934.8,365.4,300.69,34.22,842.52,3860.4,5046.91,219.6,2057.79,2157.6,2206.25,3081.96,80.01,922.88,1327.41,28.6,284.27,34.32,81.13,24.12,28.35,44.88
2022-07-20,1381.95,1382.08,2491.65,702.24,3323.5,411.8,311.22,35.4,965.09,4114.8,5535.75,223.26,2366.52,2792.48,3096.25,4261.32,100.33,968.96,1667.97,28.6,310.47,31.68,81.13,24.12,28.35,53.04
2022-07-21,1448.55,1422.4,2466.79,703.38,3415.5,403.68,314.73,36.58,1107.89,4092,5642.23,224.48,2421.87,2849.52,3160,4384.8,105.41,1091.84,1862.76,27.3,302.61,33,79.8,25.46,29.7,53.04
2022-07-22,1378.62,1363.04,2392.21,685.14,3401.7,372.36,308.88,36.58,1035.3,3921.6,5592.62,222.04,2432.94,2866.88,3130,4406.22,106.68,1089.28,1920.81,27.3,306.54,31.68,78.47,24.12,29.7,53.04
2022-07-23,1277.61,1102.08,2122.14,525.54,3152.15,267.96,221.13,29.5,831.81,3079.2,4922.28,147.62,2375.13,2703.2,3095,4281.48,95.25,1044.48,1763.43,26,292.13,31.68,77.14,24.12,28.35,51.68
2022-07-24,1272.06,1221.92,2249.83,620.16,3087.75,316.68,253.89,35.4,943.67,3600,5314.32,170.8,2415.72,2797.44,3105,4379.76,104.14,1024,1759.56,26,277.72,35.64,75.81,24.12,27,51.68
2022-07-25,1327.56,1277.92,2352.66,660.06,3078.55,374.68,298.35,34.22,1038.87,3999.6,5575.68,212.28,2468.61,2785.04,3117.5,4399.92,110.49,1066.24,1812.45,26,284.27,33,81.13,24.12,27,54.4
2022-07-26,1308.69,1272.32,2385.43,663.48,3218.85,382.8,287.82,31.86,1086.47,4004.4,5469.2,218.38,2408.34,2752.8,3007.5,4134.06,101.6,1086.72,1772.46,24.7,303.92,34.32,78.47,22.78,28.35,53.04
2022-07-27,1072.26,1288,2460.01,731.88,2952.05,424.56,339.3,41.3,1003.17,3894,5074.74,213.5,2338.23,2427.92,2753.75,4028.22,95.25,954.88,1553.16,28.6,273.79,38.28,83.79,22.78,29.7,53.04
2022-07-28,1068.93,1305.92,2627.25,741,2956.65,418.76,319.41,37.76,1005.55,3934.8,5143.71,219.6,2371.44,2520.92,2913.75,4169.34,99.06,983.04,1639.59,28.6,286.89,30.36,89.11,24.12,29.7,54.4
2022-07-29,1121.1,1301.44,2611.43,744.42,3007.25,437.32,339.3,40.12,1053.15,3958.8,5278.02,224.48,2308.71,2545.72,2936.25,4107.6,97.79,985.6,1500.27,28.6,290.82,38.28,86.45,22.78,28.35,51.68
2022-07-30,1086.69,1270.08,2637.42,741,3032.55,429.2,360.36,40.12,1084.09,4029.6,5353.04,225.7,2381.28,2548.2,2893.75,4069.8,97.79,998.4,1767.3,28.6,309.16,34.32,86.45,24.12,29.7,51.68
2022-07-31,1133.31,1323.84,2655.5,747.84,3033.7,433.84,321.75,40.12,1095.99,4030.8,5366.35,224.48,2368.98,2633.76,2862.5,4044.6,99.06,1031.68,1798.26,28.6,306.54,34.32,85.12,24.12,29.7,48.96
2022-08-01,1136.64,1339.52,2658.89,696.54,3050.95,431.52,331.11,37.76,1097.18,3942,5339.73,222.04,2360.37,2621.36,2857.5,4015.62,99.06,1063.68,1799.55,28.6,313.09,34.32,83.79,26.8,28.35,53.04
2022-08-02,1092.24,1236.48,2614.82,674.88,3031.4,399.04,288.99,35.4,1103.13,3764.4,5135.24,220.82,2339.46,2602.76,2692.5,3713.22,91.44,1049.6,1692.48,26,296.06,27.72,81.13,24.12,25.65,53.04
2022-08-03,2575.2,1897.28,2656.63,1308.72,4658.65,484.88,339.3,70.8,997.22,3970.8,5734.19,213.5,2378.82,2059.64,2727.5,4378.5,113.03,1118.72,2421.33,31.2,395.62,30.36,67.83,20.1,31.05,68
2022-08-04,2287.71,1574.72,2527.81,1132.02,4417.15,494.16,343.98,64.9,1046.01,3793.2,5769.28,217.16,2423.1,2120.4,2718.75,4461.66,116.84,1059.84,2276.85,31.2,428.37,30.36,75.81,20.1,31.05,77.52
2022-08-05,2736.15,1928.64,2356.05,1212.96,4532.15,512.72,346.32,67.26,1066.24,3830.4,5732.98,218.38,2509.2,2141.48,2730,4479.3,114.3,1189.12,2476.8,29.9,444.09,33,79.8,22.78,29.7,78.88
2022-08-06,2535.24,2014.88,2531.2,1276.8,4480.4,511.56,348.66,67.26,1057.91,4065.6,5800.74,222.04,2402.19,2110.48,2730,4391.1,115.57,1309.44,2380.05,28.6,459.81,34.32,78.47,24.12,31.05,73.44
2022-08-07,2687.31,2120.16,2578.66,1398.78,4888.65,531.28,352.17,64.9,1022.21,4224,5739.03,222.04,2250.9,1852.56,2541.25,4242.42,123.19,1052.16,2261.37,29.9,434.92,34.32,79.8,22.78,29.7,73.44
2022-08-08,2928.18,2214.24,2732.34,1350.9,4583.9,533.6,355.68,66.08,893.69,4251.6,5611.98,223.26,2250.9,1852.56,2541.25,4242.42,123.19,1021.44,2193,28.6,419.2,34.32,75.81,22.78,28.35,69.36
2022-08-09,2878.23,2196.32,2713.13,1379.4,4393,473.28,329.94,66.08,912.73,4030.8,5192.11,222.04,2086.08,1795.52,2278.75,3907.26,110.49,1079.04,2113.02,29.9,423.13,33,79.8,24.12,32.4,72.08
2022-08-11,1506.27,1435.84,2495.04,862.98,4152.65,324.8,241.02,40.12,900.83,3596.4,4899.29,89.06,2184.48,1788.08,2406.25,3493.98,86.36,1040.64,1922.1,24.7,281.65,31.68,63.84,20.1,29.7,62.56
2022-08-12,1579.53,1517.6,2549.28,897.18,4221.65,354.96,262.08,44.84,907.97,3642,5061.43,90.28,2141.43,1853.8,2115,3408.3,88.9,1067.52,2034.33,24.7,361.56,34.32,66.5,20.1,28.35,74.8
2022-08-13,1593.96,1500.8,2619.34,926.82,4261.9,367.72,276.12,46.02,906.78,3684,5092.89,96.38,2025.81,1876.12,2175,3461.22,87.63,949.76,1911.78,24.7,404.79,34.32,69.16,22.78,28.35,55.76
2022-08-14,1613.94,1565.76,2599,938.22,4406.8,381.64,278.46,47.2,890.12,3703.2,5157.02,98.82,2158.65,1981.52,2350,3738.42,97.79,734.72,968.79,26,372.04,31.68,66.5,21.44,29.7,50.32
2022-08-15,1780.44,1594.88,2638.55,966.72,4401.05,390.92,284.31,49.56,928.2,3799.2,5257.45,100.04,2298.87,2069.56,2456.25,3807.72,99.06,896,664.35,27.3,264.62,36.96,58.52,20.1,31.05,50.32
2022-08-16,1867.02,1730.4,2680.36,1045.38,4629.9,408.32,290.16,53.1,942.48,3805.2,5349.41,104.92,2365.29,2148.92,2516.25,3861.9,104.14,988.16,1010.07,26,284.27,31.68,62.51,22.78,31.05,55.76
2022-08-17,1898.1,1769.6,2758.33,1085.28,4801.25,418.76,281.97,54.28,944.86,3782.4,5366.35,98.82,2409.57,2084.44,2515,3929.94,102.87,1081.6,1327.41,19.5,309.16,33,67.83,18.76,28.35,63.92
2022-08-18,1451.88,1550.08,2792.23,713.64,3331.55,414.12,315.9,41.3,1015.07,4233.6,5864.87,223.26,2380.05,3067.76,3000,3922.38,87.63,916.48,1560.9,32.5,296.06,35.64,89.11,24.12,31.05,46.24
2022-08-19,1439.67,1593.76,2835.17,729.6,3362.6,425.72,314.73,41.3,1034.11,4236,5976.19,228.14,2426.79,3131,3051.25,4000.5,92.71,910.08,1617.66,28.6,294.75,34.32,82.46,21.44,31.05,47.6
2022-08-20,1336.44,1554.56,2831.78,742.14,3348.8,414.12,327.6,43.66,1029.35,4275.6,6024.59,228.14,2436.63,3153.32,3097.5,4050.9,95.25,938.24,1602.18,28.6,293.44,35.64,83.79,21.44,29.7,47.6
2022-08-21,1224.33,1423.52,2789.97,725.04,3216.55,423.4,314.73,42.48,1054.34,4362,6047.58,225.7,2428.02,3103.72,3082.5,4020.66,95.25,954.88,1609.92,29.9,302.61,36.96,83.79,21.44,28.35,43.52
2022-08-22,1173.27,1207.36,2812.57,733.02,2693.3,380.48,306.54,40.12,1055.53,4016.4,5949.57,224.48,2393.58,3153.32,3042.5,3966.48,97.79,915.2,1677,27.3,299.99,36.96,81.13,21.44,28.35,46.24
2022-08-23,1309.8,1294.72,2794.49,691.98,2841.65,401.36,313.56,38.94,1048.39,4198.8,5918.11,225.7,2393.58,3127.28,2960,3986.64,93.98,916.48,1611.21,26,298.68,34.32,79.8,22.78,28.35,46.24
2022-08-24,1268.73,1255.52,2670.19,677.16,2883.05,379.32,301.86,36.58,1023.4,4100.4,5778.96,224.48,2352.99,3093.8,2875,3666.6,91.44,903.68,1460.28,27.3,262,34.32,78.47,21.44,29.7,43.52
2022-08-25,1143.3,1280.16,2462.27,770.64,2800.25,430.36,347.49,49.56,865.13,3690,5262.29,225.7,1917.57,2535.8,2443.75,3215.52,86.36,875.52,1417.71,27.3,273.79,33,79.8,24.12,28.35,46.24
2022-08-26,1165.5,1335.04,2514.25,800.28,2915.25,446.6,351,49.56,902.02,3709.2,5389.34,226.92,1945.86,2586.64,2486.25,3354.12,88.9,881.92,1456.41,27.3,277.72,34.32,78.47,24.12,28.35,47.6
2022-08-27,1214.34,1351.84,2522.16,800.28,3027.95,455.88,368.55,51.92,906.78,3796.8,5379.66,229.36,1970.46,2625.08,2455,3409.56,90.17,887.04,1434.48,27.3,288.2,34.32,79.8,24.12,29.7,47.6
2022-08-28,1193.25,1370.88,2574.14,834.48,3064.75,457.04,363.87,53.1,913.92,3952.8,5373.61,229.36,2047.95,2673.44,2536.25,3456.18,90.17,853.76,1449.96,26,273.79,33,79.8,21.44,27,48.96
2022-08-29,1265.4,1404.48,2653.24,852.72,3124.55,450.08,355.68,51.92,927.01,3993.6,5368.77,226.92,2061.48,2656.08,2561.25,3550.68,90.17,857.6,1411.26,27.3,289.51,36.96,81.13,25.46,29.7,46.24
2022-08-30,1273.17,1389.92,2637.42,805.98,3079.7,446.6,354.51,50.74,916.3,3956.4,5367.56,228.14,2059.02,2679.64,2532.5,3386.88,87.63,842.24,1452.54,28.6,289.51,34.32,82.46,25.46,29.7,47.6
2022-08-31,1235.43,1296.96,2575.27,798,3060.15,417.6,329.94,46.02,948.43,3792,5215.1,225.7,2027.04,2683.36,2407.5,3210.48,80.01,849.92,1342.89,27.3,265.93,33,78.47,25.46,28.35,47.6
2022-09-01,2642.91,2382.24,2756.07,1420.44,4660.95,475.6,346.32,70.8,1154.3,3613.2,4935.59,226.92,2125.44,2477.52,2353.75,3487.68,93.98,1347.84,2261.37,28.6,413.96,34.32,71.82,21.44,28.35,80.24
2022-09-02,2659.56,2348.64,2773.02,1426.14,4521.8,443.12,351,69.62,1068.62,3739.2,4987.62,220.82,2001.21,2411.8,2247.5,3459.96,87.63,1318.4,2256.21,27.3,411.34,31.68,70.49,21.44,28.35,72.08
2022-09-03,2697.3,2334.08,2774.15,1379.4,4046.85,437.32,368.55,68.44,1078.14,3793.2,4830.32,228.14,1958.16,2002.6,2221.25,3554.46,95.25,1352.96,2116.89,29.9,433.61,31.68,70.49,21.44,31.05,70.72
2022-09-04,2486.4,2244.48,2717.65,1298.46,4031.9,466.32,356.85,63.72,1140.02,3842.4,4673.02,224.48,1891.74,2072.04,2148.75,3490.2,93.98,1402.88,2229.12,29.9,472.91,31.68,73.15,22.78,32.4,78.88
2022-09-05,2499.72,2248.96,2739.12,1292.76,4315.95,473.28,348.66,61.36,1190,3852,4636.72,220.82,1874.52,2047.24,2220,3618.72,93.98,1344,2365.86,28.6,465.05,33,75.81,24.12,29.7,68
2022-09-06,2529.69,2198.56,2687.14,1232.34,4352.75,475.6,362.7,61.36,1206.66,3778.8,4714.16,224.48,1959.39,2070.8,2251.25,3564.54,95.25,1194.24,2272.98,27.3,474.22,33,77.14,21.44,29.7,69.36
2022-09-07,2406.48,1898.4,2510.86,1071.6,3642.05,389.76,315.9,61.36,1232.84,3529.2,4677.86,220.82,1926.18,2100.56,2122.5,3333.96,88.9,1111.04,2100.12,26,411.34,30.36,78.47,22.78,28.35,65.28
2022-09-08,1057.83,1183.84,2323.28,674.88,2677.2,385.12,287.82,38.94,1012.69,4056,5935.05,228.14,2474.76,2990.88,3195,4253.76,101.6,1016.32,1664.1,27.3,306.54,30.36,71.82,21.44,28.35,53.04
2022-09-09,1071.15,1248.8,2413.68,686.28,2770.35,392.08,281.97,37.76,1068.62,4198.8,6041.53,230.58,2522.73,3067.76,3211.25,4362.12,105.41,1018.88,1831.8,26,313.09,34.32,71.82,22.78,29.7,51.68
2022-09-11,1136.64,1289.12,2431.76,691.98,2873.85,394.4,288.99,37.76,1060.29,4270.8,5803.16,231.8,2512.89,3176.88,3200,4374.72,105.41,1027.84,1834.38,28.6,310.47,38.28,71.82,24.12,29.7,51.68
2022-09-12,1153.29,1301.44,2449.84,690.84,2952.05,390.92,288.99,36.58,996.03,4374,5795.9,233.02,2475.99,3067.76,3232.5,4354.56,105.41,887.04,1822.77,28.6,317.02,38.28,69.16,24.12,28.35,51.68
2022-09-13,1172.16,1314.88,2376.39,722.76,3024.5,399.04,251.55,36.58,994.84,4347.6,5786.22,230.58,2441.55,2935.08,3138.75,4388.58,107.95,829.44,1808.58,29.9,317.02,38.28,77.14,24.12,28.35,53.04
2022-09-14,1173.27,1289.12,2287.12,673.74,2940.55,387.44,246.87,33.04,1004.36,4294.8,5665.22,230.58,2372.67,2936.32,3060,4281.48,105.41,916.48,1744.08,28.6,314.4,35.64,77.14,24.12,29.7,51.68
2022-09-15,1842.6,1963.36,2898.45,1350.9,4066.4,438.48,331.11,51.92,1245.93,4346.4,5227.2,228.14,2119.29,2166.28,2435,3825.36,96.52,1377.28,2343.93,31.2,320.95,33,67.83,22.78,28.35,53.04
2022-09-16,1484.07,1764,2986.59,1231.2,3813.4,423.4,331.11,50.74,1256.64,4425.6,5379.66,230.58,2190.63,2263,2513.75,3940.02,104.14,1318.4,2332.32,31.2,357.63,31.68,70.49,22.78,31.05,57.12
2022-09-17,1641.69,1647.52,2956.08,1044.24,4183.7,453.56,340.47,55.46,1259.02,4471.2,5540.59,229.36,2237.37,2302.68,2532.5,4088.7,106.68,1172.48,2371.02,31.2,372.04,33,75.81,24.12,31.05,72.08
2022-09-18,1966.92,1664.32,2769.63,1146.84,4488.45,477.92,342.81,59,1214.99,4551.6,5566,230.58,2204.16,2272.92,2491.25,4010.58,105.41,1294.08,2511.63,26,419.2,33,70.49,22.78,28.35,68
2022-09-19,2141.19,1924.16,2712,1238.04,4681.65,491.84,345.15,62.54,1174.53,4688.4,5435.32,229.36,2078.7,2256.8,2442.5,3892.14,99.06,1228.8,2436.81,27.3,440.16,34.32,74.48,21.44,33.75,63.92
2022-09-20,2286.6,1983.52,2760.59,1266.54,4772.5,517.36,354.51,64.9,1211.42,4648.8,5213.89,230.58,2035.65,2057.16,2332.5,3671.64,100.33,1222.4,2451,28.6,432.3,33,75.81,20.1,31.05,68
2022-09-21,2348.76,1920.8,2717.65,1203.84,4809.3,477.92,327.6,61.36,1291.15,4075.2,4907.76,233.02,2028.27,2111.72,2100,3558.24,82.55,1219.84,2356.83,28.6,398.24,33,74.48,24.12,31.05,84.32
2022-09-22,1310.91,1426.88,2325.54,1108.08,4036.5,452.4,271.44,48.38,1214.99,4557.6,5853.98,224.48,2380.05,2420.48,3038.75,4442.76,107.95,1217.28,2207.19,26,292.13,22.44,69.16,22.78,27,50.32
2022-09-23,1064.49,1069.6,1798.96,1016.88,3272.9,435,296.01,47.2,1190,4311.6,5787.43,230.58,2384.97,2403.12,3116.25,4562.46,110.49,1200.64,2296.2,27.3,267.24,27.72,70.49,25.46,28.35,62.56
2022-09-24,1117.77,1105.44,1654.32,840.18,2892.25,401.36,304.2,37.76,1185.24,4029.6,5691.84,228.14,2384.97,2343.6,3018.75,4539.78,110.49,1158.4,2097.54,27.3,204.36,19.8,54.53,25.46,28.35,57.12
2022-09-25,1094.46,1192.8,1901.79,848.16,3103.85,390.92,301.86,37.76,1211.42,4270.8,5835.83,228.14,2405.88,2310.12,2712.5,3860.64,91.44,1167.36,2199.45,27.3,313.09,22.44,67.83,24.12,28.35,61.2
2022-09-26,1161.06,1280.16,2012.53,857.28,3461.5,435,311.22,37.76,1113.84,4305.6,5781.38,225.7,2380.05,2148.92,2758.75,4145.4,110.49,1032.96,2141.4,27.3,341.91,25.08,70.49,24.12,28.35,59.84
2022-09-27,1252.08,1301.44,2115.36,897.18,3629.4,441.96,305.37,41.3,1137.64,4410,5897.54,224.48,2309.94,2081.96,2857.5,4164.3,116.84,1022.72,2119.47,27.3,311.78,23.76,70.49,21.44,29.7,48.96
2022-09-28,1204.35,1242.08,2151.52,902.88,3683.45,408.32,263.25,38.94,1141.21,4363.2,5668.85,225.7,2190.63,2041.04,2700,3832.92,106.68,1035.52,1999.5,27.3,299.99,29.04,69.16,24.12,28.35,58.48
2022-09-29,1622.82,1740.48,2333.45,978.12,3732.9,411.8,320.58,44.84,1044.82,4101.6,5304.64,220.82,2030.73,2174.96,2002.5,3795.12,104.14,1150.72,1825.35,27.3,386.45,31.68,73.15,22.78,28.35,61.2
2022-09-30,1678.32,1766.24,2386.56,980.4,3752.45,418.76,313.56,50.74,1036.49,4176,5403.86,222.04,2022.12,2228.28,2008.75,3680.46,97.79,1080.32,1911.78,27.3,385.14,33,74.48,21.44,31.05,65.28
2022-10-01,1570.65,1764,2408.03,1006.62,3796.15,415.28,328.77,46.02,1032.92,4287.6,5477.67,223.26,1924.95,2241.92,1976.25,3554.46,95.25,1034.24,1826.64,29.9,393,31.68,70.49,22.78,29.7,62.56
2022-10-02,1537.35,1748.32,2435.15,1002.06,3763.95,412.96,328.77,49.56,1065.05,4321.2,5551.48,226.92,1873.29,2150.16,2022.5,3355.38,93.98,1043.2,1990.47,26,406.1,33,73.15,22.78,29.7,65.28
2022-10-03,1318.68,1634.08,2406.9,984.96,3721.4,414.12,328.77,48.38,988.89,4376.4,5345.78,223.26,1905.27,2026.16,2031.25,3488.94,95.25,1045.76,2078.19,27.3,394.31,34.32,71.82,22.78,24.3,66.64
2022-10-04,1319.79,1600.48,2354.92,919.98,3639.75,404.84,325.26,46.02,930.58,4345.2,4840,222.04,1911.42,1830.24,1932.5,3328.92,87.63,1126.4,2125.92,24.7,395.62,31.68,73.15,22.78,25.65,62.56
2022-10-05,1230.99,1540,2284.86,858.42,3441.95,368.88,277.29,38.94,900.83,4117.2,4457.64,220.82,1841.31,1771.96,1728.75,3147.48,83.82,1157.12,2018.85,27.3,381.21,29.04,79.8,24.12,25.65,66.64
2022-10-06,1199.91,1411.2,2610.3,785.46,3252.2,443.12,333.45,43.66,966.28,3079.2,5016.66,202.52,1956.93,2228.28,2633.75,3466.26,93.98,915.2,1474.47,27.3,313.09,38.28,85.12,24.12,28.35,53.04
2022-10-07,1297.59,1475.04,2684.88,823.08,3395.95,470.96,301.86,44.84,953.19,3392.4,5062.64,211.06,1862.22,2127.84,2552.5,3027.78,82.55,920.32,1506.72,28.6,299.99,38.28,86.45,25.46,28.35,51.68
2022-10-08,1309.8,1478.4,2722.17,824.22,3349.95,460.52,354.51,47.2,946.05,3796.8,5103.78,215.94,1859.76,2157.6,2652.5,2871.54,76.2,944.64,1566.06,27.3,280.34,38.28,81.13,24.12,29.7,53.04
2022-10-09,1333.11,1470.56,2758.33,823.08,3374.1,453.56,347.49,44.84,925.82,3930,5094.1,218.38,1931.1,2209.68,2693.75,3000.06,76.2,919.04,1511.88,28.6,298.68,36.96,87.78,25.46,28.35,55.76
2022-10-11,1320.9,1482.88,2724.43,842.46,3391.35,458.2,349.83,44.84,986.51,3957.6,5005.77,217.16,2009.82,2258.04,2695,3340.26,85.09,931.84,1567.35,28.6,305.23,36.96,71.82,22.78,29.7,57.12
2022-10-12,1275.39,1450.4,2734.6,754.68,3378.7,453.56,342.81,42.48,991.27,3948,4998.51,204.96,2031.96,2263,2646.25,3376.8,88.9,947.2,1581.54,29.9,303.92,36.96,87.78,21.44,28.35,55.76
2022-10-13,1211.01,1328.32,2707.48,736.44,3220,419.92,296.01,40.12,1007.93,3862.8,4878.72,209.84,2009.82,2246.88,2467.5,3333.96,82.55,938.24,1431.9,29.9,290.82,39.6,85.12,24.12,28.35,54.4
2022-10-14,1734.93,1708,2435.15,1259.7,4598.85,497.64,324.09,60.18,1093.61,4540.8,6047.58,219.6,2377.59,2072.04,2745,4302.9,114.3,1164.8,2251.05,23.4,248.9,27.72,62.51,22.78,24.3,62.56
2022-10-15,1680.54,1703.52,2401.25,1208.4,4664.4,498.8,327.6,56.64,1074.57,4546.8,6057.26,222.04,2423.1,2104.28,2795,4339.44,113.03,1044.48,2026.59,27.3,281.65,31.68,67.83,25.46,25.65,54.4
2022-10-16,1707.18,1687.84,2502.95,1170.78,4616.1,483.72,346.32,56.64,1040.06,4518,6024.59,220.82,2419.41,2109.24,2821.25,4276.44,119.38,1036.8,2150.43,27.3,311.78,31.68,67.83,22.78,29.7,57.12
2022-10-17,1677.21,1695.68,2393.34,1160.52,4654.05,472.12,329.94,54.28,1075.76,4533.6,5991.92,222.04,2430.48,2109.24,2812.5,4331.88,116.84,1052.16,2374.89,28.6,326.19,29.04,70.49,24.12,25.65,59.84
2022-10-18,1530.69,1607.2,2171.86,1150.26,4533.3,473.28,329.94,55.46,1119.79,4491.6,5990.71,218.38,2428.02,2181.16,2777.5,4388.58,116.84,1152,2488.41,29.9,324.88,30.36,66.5,22.78,28.35,59.84
2022-10-19,1519.59,1543.36,2202.37,1007.76,4187.15,483.72,318.24,51.92,1082.9,4461.6,6010.07,217.16,2431.71,2150.16,2761.25,4229.82,114.3,1214.72,2488.41,28.6,320.95,33,70.49,22.78,27,57.12
2022-10-20,1497.39,1581.44,2386.56,1023.72,4603.45,473.28,277.29,46.02,1092.42,4326,5823.73,212.28,2416.95,2060.88,2643.75,4043.34,105.41,1185.28,2218.8,27.3,331.43,31.68,67.83,21.44,27,54.4
2022-10-21,1066.71,1351.84,2559.45,853.86,3409.75,455.88,332.28,54.28,916.3,3889.2,5389.34,230.58,2095.92,2616.4,2783.75,3713.22,90.17,847.36,1430.61,28.6,302.61,35.64,78.47,21.44,29.7,47.6
2022-10-22,1169.94,1379.84,2562.84,853.86,3329.25,451.24,335.79,55.46,932.96,3091.2,5477.67,220.82,2050.41,2621.36,2883.75,3616.2,90.17,872.96,1468.02,29.9,292.13,34.32,79.8,21.44,28.35,50.32
2022-10-23,1236.54,1430.24,2636.29,859.56,3266,453.56,359.19,54.28,925.82,3279.6,5338.52,218.38,1918.8,2498.6,2756.25,3005.1,72.39,867.84,1434.48,28.6,268.55,35.64,78.47,17.42,28.35,51.68
2022-10-24,1243.2,1403.36,2552.67,870.96,2919.85,461.68,363.87,55.46,937.72,3716.4,5309.48,222.04,1890.51,2489.92,2841.25,2862.72,66.04,839.68,1468.02,29.9,273.79,42.24,81.13,21.44,29.7,50.32
2022-10-25,1238.76,1403.36,2577.53,881.22,3000.35,453.56,363.87,54.28,943.67,3874.8,5219.94,219.6,2060.25,2601.52,2912.5,3107.16,68.58,869.12,1483.5,28.6,288.2,36.96,79.8,21.44,31.05,48.96
2022-10-26,1225.44,1412.32,2601.26,835.62,3217.7,459.36,366.21,50.74,862.75,3865.2,5224.78,220.82,2084.85,2601.52,2853.75,3302.46,77.47,875.52,1496.4,28.6,296.06,34.32,81.13,21.44,31.05,47.6
2022-10-27,1161.06,1294.72,2578.66,817.38,3119.95,425.72,335.79,46.02,936.53,3762,5164.28,220.82,2093.46,2586.64,2403.75,3108.42,76.2,875.52,1385.46,28.6,297.37,34.32,81.13,21.44,29.7,46.24
2022-10-28,2842.71,2317.28,2389.95,1316.7,5171.55,462.84,340.47,70.8,1103.13,3247.2,4585.9,225.7,2287.8,2435.36,1931.25,3864.42,107.95,1204.48,2125.92,28.6,444.09,31.68,69.16,22.78,32.4,74.8
2022-10-29,2543.01,2292.64,2423.85,1342.92,4836.9,480.24,346.32,74.34,1046.01,3512.4,4794.02,230.58,2255.82,2379.56,2006.25,3936.24,109.22,1168.64,1941.45,28.6,427.06,31.68,67.83,24.12,32.4,63.92
2022-10-30,2595.18,2152.64,2344.75,1298.46,4519.5,490.68,343.98,70.8,957.95,3520.8,4832.74,225.7,2258.28,2489.92,2016.25,3865.68,102.87,1201.92,1963.38,27.3,437.54,33,73.15,22.78,29.7,73.44
2022-10-31,2446.44,1910.72,1932.3,1125.18,4360.8,392.08,266.76,61.36,955.57,2778,4168.45,181.78,2271.81,2363.44,1873.75,3603.6,92.71,1236.48,1782.78,28.6,396.93,33,74.48,21.44,31.05,63.92
2022-11-01,2514.15,1990.24,1762.8,1227.78,4336.65,418.76,311.22,66.08,1050.77,3102,4575.01,197.64,2254.59,2642.44,2052.5,3800.16,88.9,1329.92,2026.59,26,434.92,31.68,73.15,17.42,29.7,61.2
2022-11-02,1954.71,1690.08,1664.49,1130.88,4261.9,435,346.32,59,1159.06,3381.6,4838.79,222.04,2140.2,2714.36,1976.25,3428.46,87.63,1337.6,1947.9,26,461.12,30.36,73.15,18.76,29.7,65.28
2022-11-03,1378.62,1404.48,1841.9,1015.74,4061.8,348,397.8,42.48,1142.4,3388.8,4830.32,224.48,2018.43,2690.8,1783.75,3278.52,82.55,1149.44,1869.21,29.9,436.23,30.36,70.49,22.78,29.7,61.2
2022-11-04,868.02,892.64,1802.35,597.36,3116.5,233.16,141.57,28.32,930.58,2994,4745.62,26.84,1905.27,2080.72,2480,2875.32,57.15,931.84,1680.87,19.5,251.52,27.72,51.87,20.1,31.05,42.16
2022-11-05,910.2,934.08,1838.51,642.96,3246.45,247.08,153.27,30.68,931.77,3128.4,4739.57,29.28,1952.01,2041.04,2582.5,3012.66,59.69,957.44,1848.57,20.8,284.27,26.4,55.86,21.44,31.05,54.4
2022-11-06,977.91,991.2,1905.18,693.12,3335,244.76,149.76,31.86,938.91,3162,4745.62,29.28,1979.07,2075.76,2605,3071.88,60.96,1004.8,1953.06,22.1,279.03,31.68,55.86,22.78,29.7,58.48
2022-11-07,937.95,1024.8,1925.52,715.92,3323.5,256.36,155.61,34.22,922.25,3140.4,4779.5,29.28,2004.9,1980.28,2712.5,3127.32,62.23,995.84,1775.04,15.6,214.84,25.08,47.88,17.42,22.95,46.24
2022-11-08,947.94,1028.16,1917.61,718.2,3372.95,261,163.8,35.4,931.77,3174,4866.62,30.5,2029.5,1956.72,2747.5,3181.5,64.77,975.36,1640.88,16.9,208.29,23.76,49.21,21.44,25.65,43.52
2022-11-09,924.63,999.04,1911.96,743.28,3335,265.64,164.97,34.22,992.46,3228,4862.99,31.72,2049.18,1955.48,2737.5,3211.74,66.04,997.12,1688.61,18.2,199.12,25.08,47.88,21.44,27,43.52
2022-11-11,752.58,935.2,1925.52,707.94,3224.6,250.56,138.06,30.68,946.05,3164.4,4842.42,32.94,2103.3,1893.48,2555,3263.4,69.85,888.32,1622.82,18.2,195.19,26.4,50.54,17.42,27,32.64
2022-11-12,1098.9,1208.48,2400.12,720.48,3093.5,381.64,319.41,38.94,857.99,3704.4,4870.25,215.94,2130.36,1990.2,2106.25,3607.38,82.55,938.24,1406.1,27.3,309.16,30.36,78.47,24.12,29.7,58.48
2022-11-13,1087.8,1277.92,2422.72,682.86,3075.1,382.8,313.56,37.76,853.23,3770.4,4941.64,220.82,2164.8,2166.28,2165,3698.1,96.52,1003.52,1486.08,26,311.78,31.68,78.47,22.78,28.35,48.96
2022-11-14,1138.86,1268.96,2432.89,706.8,3090.05,390.92,326.43,41.3,842.52,3774,5013.03,220.82,2131.59,2189.84,2216.25,3718.26,96.52,901.12,1493.82,28.6,310.47,31.68,79.8,24.12,28.35,54.4
2022-11-15,1154.4,1276.8,2224.97,720.48,3175.15,394.4,333.45,40.12,847.28,3717.6,4959.79,219.6,2114.37,2275.4,2195,3743.46,96.52,832,1448.67,27.3,307.85,31.68,75.81,22.78,29.7,55.76
2022-11-16,1129.98,1281.28,2195.59,690.84,3190.1,397.88,325.26,41.3,847.28,3684,4964.63,219.6,2035.65,2405.6,2160,3632.58,93.98,834.56,1519.62,26,323.57,31.68,74.48,22.78,28.35,54.4
2022-11-17,1124.43,1237.6,2265.65,688.56,3129.15,386.28,322.92,38.94,842.52,3764.4,5036.02,222.04,2070.09,2387,2150,3447.36,93.98,853.76,1492.53,27.3,315.71,33,77.14,25.46,29.7,51.68
2022-11-18,1032.3,1140.16,2301.81,666.9,2956.65,358.44,296.01,35.4,842.52,3596.4,4921.07,215.94,2070.09,2346.08,2051.25,3278.52,85.09,821.76,1368.69,26,293.44,33,75.81,22.78,28.35,47.6
2022-11-19,1179.93,1330.56,2516.51,697.68,3179.75,402.52,328.77,37.76,1153.11,4004.4,5434.11,220.82,2418.18,2773.88,3052.5,4292.82,102.87,1131.52,1778.91,28.6,318.33,33,83.79,21.44,29.7,48.96
2022-11-20,1227.66,1372,2603.52,699.96,3226.9,414.12,328.77,37.76,1136.45,4012.8,5610.77,226.92,2450.16,2732.96,3111.25,4321.8,105.41,1136.64,1918.23,29.9,317.02,31.68,83.79,22.78,25.65,54.4
2022-11-21,1240.98,1402.24,2542.5,709.08,3255.65,428.04,349.83,38.94,1145.97,3970.8,5555.11,226.92,2436.63,2739.16,3087.5,4284,104.14,1103.36,1978.86,31.2,315.71,29.04,82.46,21.44,28.35,51.68
2022-11-22,1193.25,1295.84,2479.22,699.96,3122.25,411.8,341.64,38.94,1124.55,3987.6,5478.88,228.14,2428.02,2827.2,3097.5,4301.64,104.14,1100.8,2018.85,29.9,322.26,31.68,81.13,22.78,28.35,53.04
2022-11-23,1232.1,1326.08,2465.66,731.88,3206.2,414.12,340.47,37.76,1160.25,4014,5431.69,222.04,2428.02,2843.32,3123.75,4294.08,110.49,1094.4,1853.73,27.3,323.57,30.36,82.46,21.44,28.35,53.04
2022-11-24,1293.15,1373.12,2496.17,677.16,3324.65,417.6,327.6,36.58,1120.98,4011.6,5459.52,220.82,2418.18,2844.56,3026.25,4277.7,102.87,1079.04,1839.54,27.3,314.4,30.36,81.13,20.1,27,58.48
2022-11-25,1297.59,1286.88,2432.89,655.5,3320.05,390.92,294.84,33.04,1093.61,3924,5311.9,222.04,2361.6,2782.56,2875,3947.58,95.25,1040.64,1722.15,27.3,306.54,34.32,81.13,25.46,29.7,54.4
2022-11-26,1125.54,1322.72,2636.29,761.52,2952.05,432.68,332.28,41.3,1016.26,3801.6,4884.77,222.04,2118.06,2367.16,2598.75,3801.42,90.17,921.6,1531.23,26,294.75,36.96,79.8,26.8,27,58.48
2022-11-27,1174.38,1377.6,2672.45,764.94,2961.25,438.48,339.3,42.48,1030.54,3880.8,5083.21,220.82,2150.04,2394.44,2653.75,3904.74,93.98,943.36,1637.01,27.3,303.92,33,79.8,26.8,28.35,46.24
2022-11-28,1163.28,1376.48,2673.58,758.1,3070.5,439.64,327.6,41.3,985.32,3891.6,5178.8,213.5,2146.35,2388.24,2743.75,3913.56,92.71,948.48,1660.23,28.6,306.54,31.68,81.13,24.12,28.35,51.68
2022-11-29,1142.19,1248.8,2570.75,763.8,2830.15,429.2,321.75,41.3,1059.1,3937.2,5215.1,223.26,2142.66,2414.28,2790,3955.14,93.98,1073.92,1667.97,28.6,313.09,35.64,79.8,24.12,29.7,53.04
2022-11-30,1168.83,1304.8,2604.65,780.9,2718.6,415.28,314.73,41.3,1022.21,3892.8,5062.64,223.26,2163.57,2382.04,2827.5,4049.64,95.25,1070.08,1682.16,28.6,314.4,36.96,81.13,25.46,28.35,53.04
2022-12-01,1149.96,1326.08,2637.42,739.86,2829,412.96,331.11,41.3,841.33,3850.8,4997.3,219.6,2190.63,2353.52,2835,3979.08,95.25,872.96,1608.63,28.6,306.54,33,83.79,25.46,28.35,51.68
2022-12-02,1095.57,1202.88,2574.14,702.24,2880.75,414.12,326.43,36.58,976.99,3740.4,4888.4,212.28,2266.89,2411.8,2627.5,3792.6,87.63,958.72,1478.34,26,251.52,31.68,78.47,22.78,27,44.88
2022-12-03,2256.63,2181.76,3048.74,1558.38,5170.4,535.92,342.81,74.34,1099.56,4776,5561.16,212.28,2226.3,2047.24,2340,4123.98,110.49,1205.76,2399.4,29.9,399.55,30.36,79.8,22.78,31.05,65.28
2022-12-04,2332.11,2237.76,3141.4,1585.74,5303.8,557.96,352.17,79.06,1088.85,4776,5703.94,202.52,2349.3,2099.32,2320,4183.2,111.76,1351.68,2404.56,29.9,416.58,34.32,77.14,22.78,29.7,78.88
2022-12-05,2060.16,1973.44,3004.67,1541.28,4634.5,445.44,341.64,70.8,1097.18,4419.6,5607.14,201.3,2426.79,2098.08,2240,4253.76,116.84,1317.12,2377.47,28.6,459.81,33,78.47,21.44,29.7,84.32
2022-12-06,2537.46,2075.36,2761.72,1551.54,4951.9,527.8,353.34,73.16,1095.99,3631.2,5539.38,195.2,2440.32,2089.4,2236.25,4267.62,113.03,1052.16,2172.36,28.6,457.19,36.96,77.14,22.78,28.35,69.36
2022-12-07,2841.6,2275.84,2913.14,1535.58,5219.85,617.12,360.36,76.7,1104.32,3944.4,5575.68,206.18,2444.01,2105.52,2378.75,4273.92,111.76,1181.44,2461.32,28.6,406.1,35.64,81.13,22.78,29.7,73.44
2022-12-08,2666.22,2254.56,2914.27,1489.98,5181.9,544.04,363.87,71.98,1066.24,4114.8,5614.4,212.28,2482.14,2088.16,2476.25,4194.54,115.57,1114.88,2327.16,27.3,416.58,29.04,81.13,24.12,28.35,68
2022-12-09,2637.36,1858.08,2521.03,1344.06,4752.95,495.32,325.26,67.26,1034.11,3904.8,5515.18,211.06,2430.48,2063.36,2410,4165.56,107.95,990.72,2283.3,28.6,393,33,77.14,24.12,31.05,69.36
2022-12-11,1222.11,1134.56,2318.76,791.16,2893.4,248.24,193.05,35.4,823.48,3596.4,4933.17,91.5,2159.88,1734.76,2407.5,3645.18,90.17,958.72,1693.77,23.4,347.15,30.36,62.51,22.78,29.7,63.92
2022-12-12,1289.82,1237.6,2313.11,771.78,2495.5,272.6,235.17,37.76,867.51,3662.4,4749.25,95.16,2221.38,1770.72,2492.5,3827.88,97.79,984.32,1548,24.7,355.01,31.68,62.51,22.78,31.05,57.12
2022-12-13,1266.51,1294.72,2296.16,818.52,3197,310.88,245.7,38.94,897.26,3666,5150.97,97.6,2198.01,1829,2605,3738.42,88.9,1029.12,1789.23,24.7,360.25,33,65.17,21.44,28.35,61.2
2022-12-14,1370.85,1364.16,2299.55,833.34,3593.75,331.76,250.38,40.12,892.5,3622.8,5097.73,96.38,2220.15,1869.92,2683.75,3730.86,91.44,1029.12,1809.87,26,282.96,33,62.51,20.1,28.35,62.56
2022-12-15,1276.5,1272.32,2430.63,823.08,3703,335.24,242.19,38.94,936.53,3640.8,4975.52,95.16,2146.35,1920.76,2681.25,3814.02,92.71,1048.32,1851.15,28.6,281.65,31.68,62.51,22.78,29.7,55.76
2022-12-16,1345.32,1348.48,2482.61,820.8,3906.55,349.16,256.23,40.12,944.86,3675.6,4906.55,91.5,2237.37,1944.32,2618.75,3824.1,96.52,1039.36,1873.08,26,290.82,30.36,67.83,21.44,28.35,57.12
2022-12-17,1440.78,1439.2,2544.76,835.62,4031.9,353.8,262.08,41.3,910.35,3678,4901.71,92.72,2281.65,1894.72,2551.25,3735.9,93.98,1040.64,1956.93,24.7,289.51,29.04,67.83,20.1,32.4,57.12
2022-12-18,1444.11,1477.28,2749.29,780.9,3339.6,435,327.6,46.02,877.03,3948,5530.91,208.62,2222.61,2385.76,2893.75,3834.18,95.25,1031.68,1544.13,28.6,289.51,33,87.78,21.44,31.05,46.24
2022-12-19,1434.12,1529.92,2803.53,792.3,3398.25,448.92,341.64,47.2,877.03,4122,5700.31,225.7,2269.35,2613.92,2923.75,3906,93.98,1024,1559.61,28.6,296.06,35.64,89.11,21.44,31.05,48.96
2022-12-20,1489.62,1543.36,2813.7,784.32,3312,447.76,336.96,46.02,936.53,4092,5769.28,228.14,2292.72,2688.32,2971.25,3929.94,97.79,995.84,1590.57,28.6,297.37,39.6,87.78,24.12,29.7,47.6
2022-12-21,1457.43,1533.28,2813.7,761.52,3244.15,436.16,317.07,44.84,962.71,4183.2,5757.18,228.14,2309.94,2765.2,3011.25,3970.26,97.79,1004.8,1580.25,29.9,302.61,38.28,87.78,24.12,31.05,48.96
2022-12-22,1458.54,1532.16,2803.53,761.52,3149.85,431.52,318.24,43.66,982.94,4184.4,5743.87,225.7,2324.7,2798.68,3057.5,4082.4,99.06,942.08,1569.93,28.6,309.16,35.64,89.11,21.44,29.7,51.68
2022-12-23,1471.86,1525.44,2817.09,713.64,3205.05,425.72,311.22,41.3,997.22,4164,5741.45,224.48,2333.31,2928.88,3025,3878.28,96.52,911.36,1555.74,29.9,298.68,35.64,87.78,21.44,31.05,48.96
2022-12-24,1408.59,1445.92,2774.15,696.54,3295.9,397.88,294.84,37.76,997.22,4020,5580.52,219.6,2333.31,2921.44,2816.25,3737.16,86.36,910.08,1495.11,28.6,280.34,36.96,86.45,21.44,31.05,46.24
2022-12-25,1228.77,1326.08,2515.38,715.92,2814.05,402.52,343.98,42.48,874.65,3945.6,5359.09,226.92,1917.57,2265.48,2306.25,3250.8,87.63,961.28,1424.16,27.3,279.03,33,82.46,24.12,28.35,46.24
2022-12-26,1266.51,1367.52,2585.44,717.06,2865.8,418.76,347.49,41.3,885.36,4026,5493.4,231.8,1964.31,2321.28,2350,3462.48,91.44,981.76,1474.47,27.3,262,33,79.8,22.78,28.35,46.24
2022-12-27,1229.88,1355.2,2597.87,745.56,2914.1,422.24,354.51,43.66,906.78,3986.4,5511.55,231.8,2004.9,2389.48,2451.25,3507.84,90.17,979.2,1464.15,29.9,276.41,34.32,83.79,22.78,29.7,46.24
2022-12-28,1085.58,1246.56,2393.34,738.72,2757.7,423.4,365.04,48.38,915.11,3910.8,5460.73,231.8,1976.61,2446.52,2457.5,3622.5,82.55,977.92,1474.47,27.3,247.59,35.64,79.8,22.78,29.7,43.52
2022-12-29,1051.17,1071.84,2284.86,761.52,2148.2,342.2,341.64,50.74,902.02,3831.6,5308.27,229.36,1959.39,2475.04,2552.5,3568.32,92.71,975.36,1460.28,27.3,248.9,34.32,79.8,22.78,28.35,44.88
2022-12-30,1151.07,1236.48,2388.82,727.32,2643.85,387.44,342.81,44.84,902.02,3805.2,5271.97,226.92,1926.18,2481.24,2471.25,3226.86,86.36,1021.44,1444.8,26,263.31,34.32,77.14,26.8,28.35,46.24
2022-12-31,1078.92,1139.04,2403.51,706.8,2693.3,379.32,322.92,40.12,882.98,3594,5117.09,222.04,1896.66,2475.04,2233.75,2819.88,77.47,970.24,1397.07,26,258.07,33,79.8,22.78,28.35,46.24
2023-01-01,2632.92,2397.92,2629.51,1464.9,4844.95,487.2,349.83,75.52,938.91,3416.4,4780.71,226.92,2237.37,2486.2,2337.5,4009.32,105.41,1224.96,2153.01,26,448.02,31.68,70.49,22.78,28.35,66.64
2023-01-02,2796.09,2465.12,2785.45,1446.66,5030.1,502.28,369.72,75.52,997.22,3338.4,4786.76,228.14,2298.87,2553.16,2395,4156.74,111.76,1269.76,2243.31,29.9,458.5,31.68,74.48,24.12,28.35,66.64
2023-01-03,2830.5,2499.84,2864.55,1537.86,4876,513.88,369.72,79.06,1029.35,3326.4,4843.63,228.14,2295.18,2564.32,2368.75,3946.32,100.33,1260.8,2248.47,28.6,454.57,33,75.81,22.78,29.7,68
2023-01-04,2937.06,2493.12,2858.9,1564.08,4904.75,488.36,370.89,79.06,1007.93,3206.4,4571.38,225.7,2250.9,2468.84,2433.75,3643.92,93.98,1235.2,2101.41,27.3,446.71,31.68,73.15,24.12,29.7,65.28
2023-01-05,2882.67,2513.28,2795.62,1511.64,4519.5,497.64,358.02,75.52,1016.26,3387.6,4640.35,224.48,2269.35,2468.84,2423.75,3671.64,92.71,1265.92,2075.61,28.6,423.13,33,74.48,16.08,31.05,63.92
2023-01-06,2874.9,2447.2,2749.29,1428.42,4489.6,479.08,362.7,70.8,1060.29,3452.4,4727.47,224.48,2220.15,2477.52,2386.25,3638.88,93.98,1281.28,2150.43,28.6,412.65,31.68,75.81,24.12,33.75,65.28
2023-01-07,2761.68,2250.08,2679.23,1324.68,4520.65,446.6,335.79,64.9,1117.41,3361.2,4627.04,222.04,2159.88,2347.32,2318.75,3304.98,86.36,1315.84,2127.21,27.3,403.48,33,73.15,22.78,29.7,65.28
2023-01-08,1023.42,1006.88,2239.66,661.2,2653.05,360.76,308.88,38.94,984.13,3885.6,5899.96,226.92,2308.71,2737.92,3166.25,4139.1,97.79,935.68,1290,28.6,296.06,34.32,75.81,21.44,28.35,53.04
2023-01-16,771.45,773.92,1959.42,519.84,2565.65,281.88,230.49,33.04,828.24,3045.6,5204.21,152.5,2327.16,2760.24,3107.5,4112.64,90.17,926.72,1304.19,27.3,271.17,33,71.82,21.44,27,46.24
2023-01-17,866.91,863.52,1927.78,607.62,2360.95,310.88,273.78,38.94,865.13,3436.8,5632.55,172.02,2365.29,2904.08,3190,4203.36,100.33,958.72,1477.05,26,280.34,34.32,73.15,22.78,32.4,47.6
2023-01-18,1011.21,1037.12,2180.9,670.32,2461,348,284.31,38.94,967.47,3879.6,5837.04,218.38,2428.02,2918.96,3223.75,4291.56,106.68,970.24,1597.02,26,305.23,34.32,71.82,22.78,28.35,51.68
2023-01-19,1026.75,1127.84,2332.32,696.54,2380.5,385.12,278.46,38.94,922.25,3974.4,5840.67,226.92,2460,2894.16,3240,4302.9,105.41,977.92,1705.38,27.3,309.16,35.64,71.82,22.78,29.7,54.4
2023-01-20,1065.6,1158.08,2365.09,664.62,2452.95,380.48,298.35,40.12,923.44,3997.2,5763.23,226.92,2441.55,2925.16,3168.75,4273.92,104.14,999.68,1664.1,28.6,298.68,35.64,70.49,22.78,29.7,53.04
2023-01-21,990.12,1072.96,2325.54,625.86,2465.6,363.08,265.59,35.4,957.95,3852,5647.07,224.48,2412.03,2906.56,2987.5,3927.42,96.52,965.12,1458.99,28.6,292.13,31.68,77.14,22.78,28.35,53.04
2023-01-22,3237.87,2406.88,2464.53,1484.28,4236.6,509.24,328.77,76.7,981.75,3980.4,4746.83,222.04,2244.75,1933.16,2356.25,4243.68,113.03,1075.2,2116.89,32.5,361.56,30.36,74.48,22.78,31.05,61.2
2023-01-23,2984.79,2328.48,2551.54,1292.76,3744.4,486.04,329.94,70.8,992.46,4084.8,4873.88,226.92,2317.32,2036.08,2440,4263.84,105.41,1089.28,2203.32,29.9,375.97,33,79.8,24.12,31.05,62.56
2023-01-24,2914.86,2353.12,2708.61,1456.92,3660.45,509.24,348.66,69.62,1038.87,4134,4884.77,228.14,2286.57,2065.84,2360,4130.28,104.14,1145.6,2174.94,28.6,355.01,34.32,85.12,22.78,29.7,62.56
2023-01-25,2715.06,2403.52,2741.38,1544.7,3604.1,467.48,339.3,64.9,1092.42,4252.8,4885.98,228.14,2301.33,2031.12,2375,4122.72,102.87,1130.24,2127.21,29.9,356.32,31.68,70.49,22.78,29.7,61.2
2023-01-26,2602.95,2377.76,2820.48,1570.92,3906.55,476.76,348.66,63.72,1142.4,4354.8,4931.96,226.92,2324.7,2106.76,2456.25,4217.22,104.14,1148.16,1972.41,28.6,347.15,30.36,83.79,18.76,31.05,48.96
2023-01-27,2386.5,2319.52,2852.12,1510.5,4180.25,440.8,315.9,55.46,1180.48,4375.2,5021.5,226.92,2264.43,2069.56,2451.25,4068.54,96.52,1159.68,2186.55,27.3,368.11,31.68,75.81,24.12,29.7,55.76
2023-01-28,1935.84,2153.76,2797.88,1430.7,4260.75,399.04,296.01,43.66,1223.32,4161.6,4898.08,224.48,2113.14,2110.48,2278.75,3711.96,87.63,1182.72,2182.68,26,339.29,31.68,70.49,21.44,28.35,55.76
2023-01-29,1320.9,1307.04,2231.75,975.84,3636.3,401.36,297.18,43.66,1223.32,4536,6018.54,228.14,2354.22,2529.6,2938.75,4404.96,109.22,1099.52,1785.36,26,279.03,34.32,78.47,22.78,27,43.52
2023-01-30,1407.48,1420.16,2387.69,990.66,3813.4,429.2,306.54,43.66,1210.23,4556.4,6048.79,230.58,2387.43,2563.08,2861.25,4530.96,111.76,1064.96,1719.57,27.3,292.13,34.32,75.81,21.44,27,40.8
2023-01-31,1397.49,1449.28,2430.63,1037.4,3916.9,439.64,296.01,47.2,1194.76,4558.8,6059.68,231.8,2409.57,2548.2,2918.75,4571.28,113.03,1139.2,1742.79,27.3,318.33,27.72,81.13,20.1,27,40.8
2023-02-01,1401.93,1469.44,2436.28,1076.16,3974.4,363.08,294.84,47.2,1195.95,4638,6082.67,231.8,2152.5,2388.24,2935,4562.46,113.03,1145.6,2138.82,28.6,324.88,35.64,83.79,24.12,29.7,48.96
2023-02-02,1399.71,1423.52,2379.78,1080.72,3990.5,438.48,312.39,47.2,1195.95,4672.8,6066.94,229.36,2361.6,2357.24,2991.25,4604.04,113.03,1143.04,2216.22,29.9,332.74,34.32,85.12,25.46,31.05,63.92
2023-02-03,1370.85,1414.56,2447.58,1026,3991.65,451.24,313.56,43.66,1209.04,4597.2,5927.79,228.14,2349.3,2323.76,2972.5,4554.9,113.03,1169.92,2205.9,28.6,364.18,34.32,73.15,26.8,29.7,63.92
2023-02-04,1273.17,1305.92,2406.9,974.7,3911.15,414.12,290.16,40.12,1219.75,4428,5667.64,223.26,2366.52,2457.68,2795,4193.28,102.87,1198.08,2122.05,26,309.16,33,71.82,22.78,28.35,53.04
2023-02-05,1647.24,1655.36,2062.25,940.5,3705.3,421.08,312.39,48.38,985.32,3591.6,4947.69,203.74,1949.55,2182.4,1703.75,3386.88,86.36,1020.16,1653.78,29.9,328.81,33,67.83,22.78,31.05,51.68
2023-02-06,1477.41,1518.72,2087.11,833.34,3578.8,373.52,262.08,41.3,947.24,3379.2,4492.73,178.12,1904.04,2033.6,1713.75,3631.32,99.06,988.16,1554.45,26,288.2,30.36,67.83,22.78,28.35,61.2
2023-02-07,1647.24,1667.68,2188.81,943.92,3747.85,410.64,303.03,47.2,996.03,3686.4,4858.15,202.52,1948.32,2067.08,1821.25,3942.54,104.14,981.76,1526.07,26,307.85,31.68,69.16,21.44,28.35,57.12
2023-02-08,1716.06,1742.72,2234.01,948.48,3826.05,410.64,318.24,48.38,1041.25,3928.8,5061.43,215.94,1963.08,2090.64,1918.75,4015.62,104.14,1002.24,1653.78,28.6,341.91,33,74.48,24.12,29.7,51.68
2023-02-16,1723.83,1771.84,2275.82,967.86,3788.1,404.84,325.26,48.38,1050.77,3957.6,5020.29,215.94,1956.93,2057.16,1956.25,4077.36,106.68,1160.96,1812.45,33.8,381.21,30.36,74.48,24.12,29.7,55.76
2023-02-17,1693.86,1764,2290.51,940.5,3715.65,415.28,322.92,47.2,1034.11,3999.6,5084.42,215.94,1975.38,1986.48,1938.75,4043.34,105.41,1103.36,1824.06,31.2,361.56,29.04,75.81,22.78,25.65,59.84
2023-02-18,1562.88,1635.2,2285.99,914.28,3638.6,387.44,299.52,37.76,1043.63,3850.8,5004.56,214.72,1995.06,2032.36,1840,3589.74,96.52,1121.28,1794.39,28.6,366.8,34.32,75.81,22.78,28.35,58.48
2023-02-19,1199.91,1383.2,2710.87,809.4,3155.6,445.44,349.83,42.48,941.29,3843.6,4948.9,211.06,2011.05,2230.76,2595,3591,95.25,916.48,1520.91,26,301.3,36.96,85.12,22.78,27,47.6
2023-02-20,1250.97,1472.8,2735.73,783.18,3325.8,460.52,352.17,48.38,940.1,3879.6,5026.34,213.5,2008.59,2256.8,2593.75,3735.9,91.44,901.12,1452.54,31.2,289.51,38.28,85.12,22.78,28.35,46.24
2023-02-21,1259.85,1467.2,2750.42,810.54,3325.8,459.36,354.51,46.02,952,3870,5025.13,212.28,1982.76,2238.2,2575,3730.86,93.98,881.92,1395.78,27.3,285.58,36.96,89.11,22.78,27,48.96
2023-02-22,1263.18,1454.88,2692.79,809.4,3363.75,472.12,358.02,44.84,1001.98,3897.6,5020.29,215.94,2024.58,2259.28,2666.25,3694.32,96.52,874.24,1473.18,27.3,294.75,38.28,87.78,20.1,28.35,55.76
2023-02-23,1276.5,1469.44,2757.2,813.96,3372.95,469.8,355.68,46.02,967.47,3954,4971.89,213.5,2029.5,2275.4,2737.5,3719.52,96.52,906.24,1488.66,31.2,301.3,38.28,83.79,24.12,29.7,57.12
2023-02-24,1252.08,1458.24,2646.46,771.78,3356.85,457.04,349.83,42.48,943.67,3927.6,4991.25,213.5,2002.44,2223.32,2690,3656.52,100.33,911.36,1473.18,28.6,311.78,39.6,85.12,25.46,31.05,54.4
2023-02-25,1192.14,1305.92,2643.07,745.56,3283.25,412.96,319.41,37.76,973.42,3787.2,4855.73,211.06,1988.91,2215.88,2523.75,3466.26,92.71,874.24,1342.89,28.6,306.54,35.64,83.79,25.46,28.35,51.68
2023-02-26,1666.11,1753.92,2521.03,1216.38,4380.35,562.6,312.39,57.82,1145.97,4478.4,6016.12,224.48,2418.18,2104.28,2952.5,4404.96,113.03,853.76,2115.6,24.7,301.3,30.36,74.48,22.78,27,62.56
2023-02-27,1741.59,1851.36,2605.78,1261.98,4548.25,498.8,320.58,57.82,1135.26,4552.8,6099.61,225.7,2416.95,2167.52,2836.25,4330.62,110.49,947.2,2367.15,24.7,313.09,31.68,66.5,24.12,27,66.64
2023-02-28,1885.89,1895.04,2704.09,1305.3,4698.9,505.76,332.28,60.18,1132.88,4482,6071.78,225.7,2405.88,2163.8,2760,4169.34,106.68,1027.84,2509.05,27.3,320.95,34.32,70.49,21.44,31.05,61.2
2023-03-01,1874.79,1911.84,2734.6,1334.94,4825.4,508.08,327.6,63.72,1154.3,4514.4,6004.02,223.26,2480.91,2139,2853.75,4194.54,102.87,1052.16,2510.34,28.6,302.61,34.32,73.15,21.44,31.05,66.64
2023-03-02,1688.31,1816.64,2731.21,1339.5,4971.45,488.36,333.45,62.54,1135.26,4490.4,5958.04,220.82,2521.5,2170,2952.5,4311.72,110.49,1066.24,2560.65,27.3,306.54,33,75.81,24.12,28.35,69.36
2023-03-03,1687.2,1814.4,2566.23,1259.7,4881.75,498.8,334.62,55.46,1130.5,4448.4,5948.36,222.04,2448.93,2070.8,2903.75,4444.02,113.03,1122.56,2474.22,28.6,319.64,33,69.16,21.44,31.05,69.36
2023-03-04,1802.64,1778.56,2316.5,1135.44,4770.2,472.12,301.86,55.46,1119.79,4370.4,5799.53,218.38,2389.89,1919.52,2686.25,4111.38,107.95,1068.8,2280.72,23.4,305.23,34.32,65.17,22.78,27,59.84
2023-03-05,1201.02,1407.84,2719.91,841.32,3381,468.64,360.36,54.28,894.88,3826.8,5117.09,226.92,1991.37,2492.4,2665,3662.82,91.44,821.76,1372.56,27.3,296.06,34.32,83.79,24.12,29.7,44.88
2023-03-06,1243.2,1396.64,2741.38,849.3,3361.45,467.48,366.21,55.46,902.02,3894,5290.12,230.58,1983.99,2595.32,2692.5,3675.42,93.98,844.8,1407.39,28.6,293.44,34.32,85.12,22.78,29.7,47.6
2023-03-07,1249.86,1346.24,2700.7,851.58,3095.8,465.16,326.43,55.46,882.98,3850.8,5286.49,230.58,2051.64,2596.56,2708.75,3758.58,87.63,826.88,1377.72,27.3,288.2,34.32,86.45,24.12,29.7,53.04
2023-03-08,1259.85,1416.8,2615.95,883.5,3180.9,440.8,336.96,55.46,829.43,3813.6,5183.64,231.8,2073.78,2630.04,2820,3758.58,81.28,834.56,1413.84,28.6,301.3,35.64,85.12,24.12,31.05,46.24
2023-03-09,1254.3,1452.64,2750.42,908.58,3393.65,465.16,353.34,54.28,805.63,3766.8,5166.7,214.72,2109.45,2607.72,2835,3761.1,92.71,837.12,1430.61,28.6,293.44,35.64,86.45,21.44,29.7,55.76
2023-03-17,1240.98,1439.2,2684.88,828.78,3315.45,472.12,354.51,51.92,867.51,3931.2,5252.61,226.92,2106.99,2632.52,2778.75,3756.06,91.44,834.56,1419,31.2,302.61,35.64,83.79,21.44,32.4,48.96
2023-03-18,1149.96,1277.92,2716.52,790.02,3312,431.52,332.28,47.2,888.93,3922.8,5143.71,229.36,2100.84,2605.24,2591.25,3519.18,85.09,832,1332.57,29.9,282.96,34.32,85.12,20.1,31.05,47.6
2023-03-19,3156.84,2304.96,2496.17,1440.96,4634.5,523.16,349.83,76.7,965.09,3872.4,4674.23,226.92,2082.39,1891,2393.75,4374.72,120.65,1036.8,2294.91,28.6,445.4,34.32,77.14,26.8,29.7,76.16
2023-03-20,3012.54,2356.48,2464.53,1394.22,4196.35,512.72,349.83,70.8,927.01,3861.6,4629.46,226.92,2206.62,1864.96,2293.75,4237.38,120.65,1020.16,2087.22,27.3,404.79,30.36,74.48,22.78,27,70.72
2023-03-21,2997,2234.4,2274.69,1363.44,4345.85,489.52,292.5,66.08,940.1,3661.2,4441.91,211.06,2153.73,1826.52,2161.25,3996.72,110.49,1031.68,1869.21,28.6,351.08,31.68,78.47,18.76,28.35,58.48
2023-03-22,3237.87,2406.88,2464.53,1484.28,4236.6,509.24,328.77,76.7,981.75,3980.4,4746.83,222.04,2244.75,1933.16,2356.25,4243.68,113.03,1075.2,2116.89,32.5,361.56,30.36,74.48,22.78,31.05,61.2
2023-03-23,2984.79,2328.48,2551.54,1292.76,3744.4,486.04,329.94,70.8,992.46,4084.8,4873.88,226.92,2317.32,2036.08,2440,4263.84,105.41,1089.28,2203.32,29.9,375.97,33,79.8,24.12,31.05,62.56
2023-03-24,2914.86,2353.12,2708.61,1456.92,3660.45,509.24,348.66,69.62,1038.87,4134,4884.77,228.14,2286.57,2065.84,2360,4130.28,104.14,1145.6,2174.94,28.6,355.01,34.32,85.12,22.78,29.7,62.56
2023-03-25,2715.06,2403.52,2741.38,1544.7,3604.1,467.48,339.3,64.9,1092.42,4252.8,4885.98,228.14,2301.33,2031.12,2375,4122.72,102.87,1130.24,2127.21,29.9,356.32,31.68,70.49,22.78,29.7,61.2
2023-03-26,820.29,831.04,1652.06,505.02,2723.2,213.44,139.23,25.96,838.95,2776.8,4556.86,21.96,1992.6,2333.68,2681.25,3093.3,55.88,884.48,1807.29,19.5,250.21,30.36,46.55,20.1,28.35,46.24
2023-03-27,841.38,848.96,1689.35,522.12,2776.1,214.6,145.08,25.96,878.22,2882.4,4564.12,23.18,2018.43,2225.8,2497.5,3112.2,57.15,913.92,1737.63,19.5,267.24,31.68,47.88,20.1,28.35,54.4
2023-03-28,772.56,819.84,1679.18,542.64,2863.5,221.56,147.42,27.14,882.98,2913.6,4612.52,23.18,1971.69,2036.08,2275,2962.26,58.42,888.32,1804.71,19.5,265.93,30.36,46.55,20.1,27,54.4
2023-03-29,803.64,787.36,1696.13,525.54,2852,226.2,155.61,27.14,861.56,2893.2,4576.22,24.4,1913.88,2050.96,2347.5,2992.5,59.69,816.64,1759.56,27.3,263.31,29.04,47.88,21.44,28.35,61.2
2023-03-30,821.4,826.56,1701.78,541.5,2902.6,228.52,153.27,27.14,918.68,2925.6,4636.72,24.4,1606.38,2080.72,2332.5,2827.44,58.42,806.4,1602.18,26,238.42,36.96,43.89,21.44,29.7,46.24
2023-03-31,842.49,859.04,1757.15,551.76,2993.45,235.48,154.44,27.14,893.69,2952,4635.51,25.62,1718.31,2052.2,2301.25,2618.28,58.42,888.32,1771.17,18.2,159.82,27.72,49.21,20.1,28.35,51.68
2023-04-01,862.47,888.16,1788.79,571.14,3057.85,233.16,152.1,27.14,904.4,2968.8,4683.91,26.84,1829.01,2094.36,2463.75,2806.02,59.69,902.4,1838.25,22.1,229.25,27.72,49.21,20.1,28.35,53.04
2023-04-02,1181.04,1294.72,2403.51,755.82,3155.6,378.16,308.88,41.3,900.83,3417.6,4699.64,215.94,2017.2,1939.36,1998.75,3333.96,87.63,1009.92,1612.5,27.3,318.33,33,77.14,21.44,31.05,55.76
2023-04-03,1181.04,1321.6,2439.67,756.96,3110.75,399.04,318.24,41.3,892.5,3471.6,4780.71,214.72,2065.17,1977.8,2065,3567.06,90.17,971.52,1652.49,26,332.74,34.32,77.14,21.44,31.05,54.4
2023-04-04,1184.37,1339.52,2470.18,770.64,3138.35,396.72,326.43,41.3,903.21,3525.6,4842.42,219.6,2134.05,2013.76,2145,3720.78,88.9,952.32,1616.37,28.6,320.95,33,79.8,22.78,28.35,55.76
2023-04-05,1057.83,1263.36,2349.27,746.7,3053.25,403.68,310.05,41.3,890.12,3422.4,4812.17,220.82,2134.05,1974.08,2142.5,3717,91.44,911.36,1529.94,26,326.19,33,75.81,22.78,27,57.12
2023-04-06,1098.9,1284.64,2380.91,739.86,3055.55,394.4,318.24,40.12,878.22,3424.8,4683.91,218.38,2103.3,2006.32,2106.25,3652.74,96.52,848.64,1511.88,27.3,324.88,31.68,79.8,26.8,29.7,51.68
2023-04-07,1128.87,1280.16,2436.28,699.96,3113.05,400.2,320.58,38.94,843.71,3513.6,4706.9,218.38,2028.27,1950.52,2086.25,3543.12,96.52,773.12,1284.84,26,317.02,30.36,85.12,28.14,29.7,46.24
2023-04-08,1045.62,1149.12,2387.69,679.44,2994.6,365.4,303.03,35.4,862.75,3453.6,4577.43,213.5,2030.73,1931.92,1947.5,3306.24,88.9,921.6,1175.19,26,294.75,30.36,83.79,21.44,27,38.08
2023-04-09,1101.12,1205.12,2543.63,706.8,2848.55,389.76,324.09,36.58,1065.05,3805.2,5263.5,218.38,2337,2739.16,2963.75,4214.7,101.6,1136.64,1537.68,28.6,309.16,33,86.45,21.44,28.35,46.24
2023-04-17,1142.19,1304.8,2552.67,720.48,2907.2,401.36,329.94,35.4,1109.08,3924,5360.3,220.82,2368.98,2798.68,2992.5,4333.14,107.95,1041.92,1551.87,29.9,281.65,34.32,85.12,24.12,29.7,43.52
2023-04-18,1195.47,1357.44,2553.8,727.32,2968.15,415.28,342.81,38.94,1106.7,3961.2,5340.94,224.48,2373.9,2709.4,3031.25,4338.18,101.6,1011.2,1571.22,28.6,276.41,34.32,85.12,22.78,27,43.52
2023-04-19,1252.08,1401.12,2632.9,721.62,3021.05,422.24,329.94,36.58,1123.36,4041.6,5360.3,224.48,2472.3,2711.88,3005,4381.02,106.68,1006.08,1590.57,31.2,293.44,33,87.78,24.12,25.65,46.24
2023-04-20,1266.51,1406.72,2582.05,729.6,3102.7,426.88,335.79,38.94,1130.5,4048.8,5317.95,224.48,2452.62,2770.16,3042.5,4397.4,99.06,1035.52,1634.43,31.2,298.68,33,89.11,22.78,25.65,44.88
2023-04-21,1239.87,1392.16,2566.23,681.72,3073.95,414.12,327.6,36.58,1097.18,3993.6,5350.62,222.04,2428.02,2677.16,3050,4343.22,91.44,1089.28,1664.1,29.9,294.75,31.68,87.78,21.44,25.65,43.52
2023-04-22,1246.53,1308.16,2454.36,662.34,3140.65,387.44,293.67,33.04,1118.6,3909.6,5198.16,218.38,2398.5,2734.2,2893.75,4025.7,93.98,1066.24,1571.22,31.2,294.75,31.68,83.79,18.76,24.3,43.52
2023-04-23,1141.08,1382.08,2594.48,787.74,3082,441.96,339.3,43.66,967.47,3915.6,4940.43,222.04,2017.2,2157.6,2663.75,3735.9,88.9,949.76,1595.73,28.6,309.16,38.28,82.46,28.14,28.35,48.96
2023-04-24,1167.72,1416.8,2708.61,791.16,3159.05,448.92,355.68,43.66,979.37,3985.2,5101.36,224.48,2050.41,2232,2732.5,3822.84,91.44,933.12,1673.13,29.9,306.54,36.96,83.79,25.46,29.7,50.32
2023-04-25,1174.38,1403.36,2647.59,787.74,2981.95,461.68,347.49,42.48,963.9,3925.2,5131.61,223.26,2040.57,2276.64,2792.5,3909.78,92.71,957.44,1706.67,28.6,310.47,38.28,82.46,24.12,29.7,53.04
2023-04-26,1025.64,1452.64,2558.32,783.18,2543.8,430.36,306.54,42.48,992.46,3841.2,5010.61,225.7,2081.16,2323.76,2791.25,3923.64,93.98,942.08,1671.84,28.6,313.09,38.28,82.46,26.8,28.35,51.68
2023-04-27,1112.22,1288,2647.59,798,2656.5,389.76,306.54,43.66,987.7,3841.2,4840,223.26,2126.67,2339.88,2873.75,4018.14,96.52,958.72,1689.9,29.9,309.16,33,85.12,24.12,29.7,50.32
2023-04-28,1157.73,1344,2592.22,750.12,2852,454.72,334.62,40.12,960.33,3778.8,4714.16,220.82,2122.98,2298.96,2690,3951.36,93.98,926.72,1599.6,27.3,303.92,36.96,81.13,24.12,28.35,51.68
2023-04-29,1080.03,1249.92,2574.14,719.34,2900.3,422.24,322.92,37.76,975.8,3612,4616.15,219.6,2056.56,2263,2563.75,3666.6,85.09,922.88,1439.64,26,289.51,36.96,82.46,22.78,28.35,51.68
2023-04-30,2012.43,2120.16,2958.34,1544.7,4744.9,531.28,354.51,76.7,1017.45,4688.4,6054.84,214.72,2147.58,1914.56,2193.75,4137.84,114.3,1030.4,1972.41,28.6,370.73,31.68,78.47,24.12,28.35,54.4
2023-05-01,1804.86,2063.04,3029.53,1502.52,5108.3,540.56,328.77,61.36,1078.14,4737.6,5994.34,214.72,2255.82,1919.52,2467.5,4328.1,115.57,1127.68,2159.46,28.6,348.46,33,77.14,25.46,28.35,61.2
2023-05-02,2069.04,2121.28,3065.69,1495.68,5425.7,551,355.68,69.62,1095.99,4654.8,5962.88,213.5,2378.82,2085.68,2491.25,4084.92,111.76,1140.48,1999.5,27.3,391.69,36.96,79.8,22.78,28.35,72.08
2023-05-03,2206.68,2073.12,3055.52,1532.16,4957.65,488.36,339.3,67.26,1066.24,4740,5979.82,214.72,2264.43,1995.16,2193.75,4178.16,114.3,1040.64,2007.24,27.3,408.72,35.64,79.8,22.78,29.7,69.36