<annotation>
	<folder>my-project-name</folder>
	<filename>394034-aventador-cars-italian-orange-lamborghini-lp700-supercars.jpg</filename>
	<path>/my-project-name/394034-aventador-cars-italian-orange-lamborghini-lp700-supercars.jpg</path>
	<source>
		<database>Unspecified</database>
	</source>
	<size>
		<width>1600</width>
		<height>907</height>
		<depth>3</depth>
	</size>
	<object>
		<name>headlight</name>
		<pose>Unspecified</pose>
		<truncated>Unspecified</truncated>
		<difficult>Unspecified</difficult>
		<bndbox>
			<xmin>1243</xmin>
			<ymin>459</ymin>
			<xmax>1426</xmax>
			<ymax>506</ymax>
		</bndbox>
	</object>
	<object>
		<name>headlight</name>
		<pose>Unspecified</pose>
		<truncated>Unspecified</truncated>
		<difficult>Unspecified</difficult>
		<bndbox>
			<xmin>0</xmin>
			<ymin>521</ymin>
			<xmax>62</xmax>
			<ymax>561</ymax>
		</bndbox>
	</object>
	<object>
		<name>headlight</name>
		<pose>Unspecified</pose>
		<truncated>Unspecified</truncated>
		<difficult>Unspecified</difficult>
		<bndbox>
			<xmin>204</xmin>
			<ymin>521</ymin>
			<xmax>240</xmax>
			<ymax>538</ymax>
		</bndbox>
	</object>
	<object>
		<name>wheel</name>
		<pose>Unspecified</pose>
		<truncated>Unspecified</truncated>
		<difficult>Unspecified</difficult>
		<bndbox>
			<xmin>170</xmin>
			<ymin>565</ymin>
			<xmax>357</xmax>
			<ymax>795</ymax>
		</bndbox>
	</object>
	<object>
		<name>wheel</name>
		<pose>Unspecified</pose>
		<truncated>Unspecified</truncated>
		<difficult>Unspecified</difficult>
		<bndbox>
			<xmin>898</xmin>
			<ymin>521</ymin>
			<xmax>1187</xmax>
			<ymax>801</ymax>
		</bndbox>
	</object>
	<object>
		<name>wheel</name>
		<pose>Unspecified</pose>
		<truncated>Unspecified</truncated>
		<difficult>Unspecified</difficult>
		<bndbox>
			<xmin>49</xmin>
			<ymin>550</ymin>
			<xmax>113</xmax>
			<ymax>635</ymax>
		</bndbox>
	</object>
	<object>
		<name>wheel</name>
		<pose>Unspecified</pose>
		<truncated>Unspecified</truncated>
		<difficult>Unspecified</difficult>
		<bndbox>
			<xmin>1257</xmin>
			<ymin>682</ymin>
			<xmax>1466</xmax>
			<ymax>757</ymax>
		</bndbox>
	</object>
</annotation>