<annotation>
	<folder>my-project-name</folder>
	<filename>512376-jaguar-supercar-xj220-cars-uk.jpg</filename>
	<path>/my-project-name/512376-jaguar-supercar-xj220-cars-uk.jpg</path>
	<source>
		<database>Unspecified</database>
	</source>
	<size>
		<width>2048</width>
		<height>1536</height>
		<depth>3</depth>
	</size>
	<object>
		<name>wheel</name>
		<pose>Unspecified</pose>
		<truncated>Unspecified</truncated>
		<difficult>Unspecified</difficult>
		<bndbox>
			<xmin>1120</xmin>
			<ymin>1016</ymin>
			<xmax>1309</xmax>
			<ymax>1355</ymax>
		</bndbox>
	</object>
	<object>
		<name>wheel</name>
		<pose>Unspecified</pose>
		<truncated>Unspecified</truncated>
		<difficult>Unspecified</difficult>
		<bndbox>
			<xmin>1667</xmin>
			<ymin>947</ymin>
			<xmax>1807</xmax>
			<ymax>1210</ymax>
		</bndbox>
	</object>
	<object>
		<name>wheel</name>
		<pose>Unspecified</pose>
		<truncated>Unspecified</truncated>
		<difficult>Unspecified</difficult>
		<bndbox>
			<xmin>422</xmin>
			<ymin>1243</ymin>
			<xmax>487</xmax>
			<ymax>1301</ymax>
		</bndbox>
	</object>
	<object>
		<name>headlight</name>
		<pose>Unspecified</pose>
		<truncated>Unspecified</truncated>
		<difficult>Unspecified</difficult>
		<bndbox>
			<xmin>805</xmin>
			<ymin>1013</ymin>
			<xmax>901</xmax>
			<ymax>1142</ymax>
		</bndbox>
	</object>
	<object>
		<name>headlight</name>
		<pose>Unspecified</pose>
		<truncated>Unspecified</truncated>
		<difficult>Unspecified</difficult>
		<bndbox>
			<xmin>271</xmin>
			<ymin>991</ymin>
			<xmax>364</xmax>
			<ymax>1109</ymax>
		</bndbox>
	</object>
</annotation>