<annotation>
	<folder>my-project-name</folder>
	<filename>591016-2cv-citroen-classic-cars-frenc.jpg</filename>
	<path>/my-project-name/591016-2cv-citroen-classic-cars-frenc.jpg</path>
	<source>
		<database>Unspecified</database>
	</source>
	<size>
		<width>1936</width>
		<height>1296</height>
		<depth>3</depth>
	</size>
	<object>
		<name>headlight</name>
		<pose>Unspecified</pose>
		<truncated>Unspecified</truncated>
		<difficult>Unspecified</difficult>
		<bndbox>
			<xmin>556</xmin>
			<ymin>665</ymin>
			<xmax>667</xmax>
			<ymax>778</ymax>
		</bndbox>
	</object>
	<object>
		<name>headlight</name>
		<pose>Unspecified</pose>
		<truncated>Unspecified</truncated>
		<difficult>Unspecified</difficult>
		<bndbox>
			<xmin>239</xmin>
			<ymin>606</ymin>
			<xmax>319</xmax>
			<ymax>711</ymax>
		</bndbox>
	</object>
	<object>
		<name>wheel</name>
		<pose>Unspecified</pose>
		<truncated>Unspecified</truncated>
		<difficult>Unspecified</difficult>
		<bndbox>
			<xmin>721</xmin>
			<ymin>760</ymin>
			<xmax>1012</xmax>
			<ymax>1136</ymax>
		</bndbox>
	</object>
	<object>
		<name>wheel</name>
		<pose>Unspecified</pose>
		<truncated>Unspecified</truncated>
		<difficult>Unspecified</difficult>
		<bndbox>
			<xmin>1563</xmin>
			<ymin>724</ymin>
			<xmax>1766</xmax>
			<ymax>948</ymax>
		</bndbox>
	</object>
	<object>
		<name>wheel</name>
		<pose>Unspecified</pose>
		<truncated>Unspecified</truncated>
		<difficult>Unspecified</difficult>
		<bndbox>
			<xmin>0</xmin>
			<ymin>634</ymin>
			<xmax>209</xmax>
			<ymax>958</ymax>
		</bndbox>
	</object>
</annotation>