<annotation>
	<folder>my-project-name</folder>
	<filename>755339-2013-dodge-viper-srt-cars-coupe-usa.jpg</filename>
	<path>/my-project-name/755339-2013-dodge-viper-srt-cars-coupe-usa.jpg</path>
	<source>
		<database>Unspecified</database>
	</source>
	<size>
		<width>2048</width>
		<height>1536</height>
		<depth>3</depth>
	</size>
	<object>
		<name>wheel</name>
		<pose>Unspecified</pose>
		<truncated>Unspecified</truncated>
		<difficult>Unspecified</difficult>
		<bndbox>
			<xmin>534</xmin>
			<ymin>967</ymin>
			<xmax>816</xmax>
			<ymax>1432</ymax>
		</bndbox>
	</object>
	<object>
		<name>wheel</name>
		<pose>Unspecified</pose>
		<truncated>Unspecified</truncated>
		<difficult>Unspecified</difficult>
		<bndbox>
			<xmin>170</xmin>
			<ymin>767</ymin>
			<xmax>301</xmax>
			<ymax>1087</ymax>
		</bndbox>
	</object>
	<object>
		<name>headlight</name>
		<pose>Unspecified</pose>
		<truncated>Unspecified</truncated>
		<difficult>Unspecified</difficult>
		<bndbox>
			<xmin>865</xmin>
			<ymin>939</ymin>
			<xmax>1295</xmax>
			<ymax>1101</ymax>
		</bndbox>
	</object>
	<object>
		<name>headlight</name>
		<pose>Unspecified</pose>
		<truncated>Unspecified</truncated>
		<difficult>Unspecified</difficult>
		<bndbox>
			<xmin>1676</xmin>
			<ymin>895</ymin>
			<xmax>1823</xmax>
			<ymax>988</ymax>
		</bndbox>
	</object>
</annotation>