<annotation>
	<folder>my-project-name</folder>
	<filename>759587.jpg</filename>
	<path>/my-project-name/759587.jpg</path>
	<source>
		<database>Unspecified</database>
	</source>
	<size>
		<width>1600</width>
		<height>1067</height>
		<depth>3</depth>
	</size>
	<object>
		<name>headlight</name>
		<pose>Unspecified</pose>
		<truncated>Unspecified</truncated>
		<difficult>Unspecified</difficult>
		<bndbox>
			<xmin>611</xmin>
			<ymin>615</ymin>
			<xmax>847</xmax>
			<ymax>686</ymax>
		</bndbox>
	</object>
	<object>
		<name>headlight</name>
		<pose>Unspecified</pose>
		<truncated>Unspecified</truncated>
		<difficult>Unspecified</difficult>
		<bndbox>
			<xmin>260</xmin>
			<ymin>611</ymin>
			<xmax>326</xmax>
			<ymax>669</ymax>
		</bndbox>
	</object>
	<object>
		<name>wheel</name>
		<pose>Unspecified</pose>
		<truncated>Unspecified</truncated>
		<difficult>Unspecified</difficult>
		<bndbox>
			<xmin>866</xmin>
			<ymin>592</ymin>
			<xmax>985</xmax>
			<ymax>866</ymax>
		</bndbox>
	</object>
	<object>
		<name>wheel</name>
		<pose>Unspecified</pose>
		<truncated>Unspecified</truncated>
		<difficult>Unspecified</difficult>
		<bndbox>
			<xmin>1285</xmin>
			<ymin>524</ymin>
			<xmax>1381</xmax>
			<ymax>764</ymax>
		</bndbox>
	</object>
</annotation>