<annotation>
	<folder>my-project-name</folder>
	<filename>804452-2016-bentayga-bentley-cars-suv.jpg</filename>
	<path>/my-project-name/804452-2016-bentayga-bentley-cars-suv.jpg</path>
	<source>
		<database>Unspecified</database>
	</source>
	<size>
		<width>1920</width>
		<height>1280</height>
		<depth>3</depth>
	</size>
	<object>
		<name>wheel</name>
		<pose>Unspecified</pose>
		<truncated>Unspecified</truncated>
		<difficult>Unspecified</difficult>
		<bndbox>
			<xmin>825</xmin>
			<ymin>705</ymin>
			<xmax>1162</xmax>
			<ymax>1175</ymax>
		</bndbox>
	</object>
	<object>
		<name>wheel</name>
		<pose>Unspecified</pose>
		<truncated>Unspecified</truncated>
		<difficult>Unspecified</difficult>
		<bndbox>
			<xmin>1624</xmin>
			<ymin>537</ymin>
			<xmax>1764</xmax>
			<ymax>835</ymax>
		</bndbox>
	</object>
	<object>
		<name>headlight</name>
		<pose>Unspecified</pose>
		<truncated>Unspecified</truncated>
		<difficult>Unspecified</difficult>
		<bndbox>
			<xmin>485</xmin>
			<ymin>674</ymin>
			<xmax>659</xmax>
			<ymax>835</ymax>
		</bndbox>
	</object>
	<object>
		<name>headlight</name>
		<pose>Unspecified</pose>
		<truncated>Unspecified</truncated>
		<difficult>Unspecified</difficult>
		<bndbox>
			<xmin>128</xmin>
			<ymin>491</ymin>
			<xmax>166</xmax>
			<ymax>580</ymax>
		</bndbox>
	</object>
</annotation>