<annotation>
	<folder>my-project-name</folder>
	<filename>995036-subaru-brz-cars-coupe-2016-blue.jpg</filename>
	<path>/my-project-name/995036-subaru-brz-cars-coupe-2016-blue.jpg</path>
	<source>
		<database>Unspecified</database>
	</source>
	<size>
		<width>1920</width>
		<height>1080</height>
		<depth>3</depth>
	</size>
	<object>
		<name>wheel</name>
		<pose>Unspecified</pose>
		<truncated>Unspecified</truncated>
		<difficult>Unspecified</difficult>
		<bndbox>
			<xmin>439</xmin>
			<ymin>526</ymin>
			<xmax>671</xmax>
			<ymax>955</ymax>
		</bndbox>
	</object>
	<object>
		<name>wheel</name>
		<pose>Unspecified</pose>
		<truncated>Unspecified</truncated>
		<difficult>Unspecified</difficult>
		<bndbox>
			<xmin>161</xmin>
			<ymin>562</ymin>
			<xmax>363</xmax>
			<ymax>858</ymax>
		</bndbox>
	</object>
	<object>
		<name>wheel</name>
		<pose>Unspecified</pose>
		<truncated>Unspecified</truncated>
		<difficult>Unspecified</difficult>
		<bndbox>
			<xmin>1407</xmin>
			<ymin>654</ymin>
			<xmax>1726</xmax>
			<ymax>802</ymax>
		</bndbox>
	</object>
	<object>
		<name>headlight</name>
		<pose>Unspecified</pose>
		<truncated>Unspecified</truncated>
		<difficult>Unspecified</difficult>
		<bndbox>
			<xmin>641</xmin>
			<ymin>398</ymin>
			<xmax>1014</xmax>
			<ymax>546</ymax>
		</bndbox>
	</object>
	<object>
		<name>headlight</name>
		<pose>Unspecified</pose>
		<truncated>Unspecified</truncated>
		<difficult>Unspecified</difficult>
		<bndbox>
			<xmin>1529</xmin>
			<ymin>294</ymin>
			<xmax>1683</xmax>
			<ymax>419</ymax>
		</bndbox>
	</object>
</annotation>