<annotation>
	<folder>my-project-name</folder>
	<filename>Alpine-A110-50-1-e1597316062521.jpg</filename>
	<path>/my-project-name/Alpine-A110-50-1-e1597316062521.jpg</path>
	<source>
		<database>Unspecified</database>
	</source>
	<size>
		<width>1199</width>
		<height>628</height>
		<depth>3</depth>
	</size>
	<object>
		<name>headlight</name>
		<pose>Unspecified</pose>
		<truncated>Unspecified</truncated>
		<difficult>Unspecified</difficult>
		<bndbox>
			<xmin>513</xmin>
			<ymin>264</ymin>
			<xmax>713</xmax>
			<ymax>350</ymax>
		</bndbox>
	</object>
	<object>
		<name>wheel</name>
		<pose>Unspecified</pose>
		<truncated>Unspecified</truncated>
		<difficult>Unspecified</difficult>
		<bndbox>
			<xmin>297</xmin>
			<ymin>205</ymin>
			<xmax>496</xmax>
			<ymax>578</ymax>
		</bndbox>
	</object>
	<object>
		<name>wheel</name>
		<pose>Unspecified</pose>
		<truncated>Unspecified</truncated>
		<difficult>Unspecified</difficult>
		<bndbox>
			<xmin>69</xmin>
			<ymin>149</ymin>
			<xmax>156</xmax>
			<ymax>364</ymax>
		</bndbox>
	</object>
	<object>
		<name>wheel</name>
		<pose>Unspecified</pose>
		<truncated>Unspecified</truncated>
		<difficult>Unspecified</difficult>
		<bndbox>
			<xmin>1142</xmin>
			<ymin>135</ymin>
			<xmax>1199</xmax>
			<ymax>224</ymax>
		</bndbox>
	</object>
</annotation>