<annotation>
	<folder>my-project-name</folder>
	<filename>ct-ott-0212-concept-cars-chicago-autoshow-20160203.jpg</filename>
	<path>/my-project-name/ct-ott-0212-concept-cars-chicago-autoshow-20160203.jpg</path>
	<source>
		<database>Unspecified</database>
	</source>
	<size>
		<width>2048</width>
		<height>1365</height>
		<depth>3</depth>
	</size>
	<object>
		<name>wheel</name>
		<pose>Unspecified</pose>
		<truncated>Unspecified</truncated>
		<difficult>Unspecified</difficult>
		<bndbox>
			<xmin>147</xmin>
			<ymin>869</ymin>
			<xmax>438</xmax>
			<ymax>1090</ymax>
		</bndbox>
	</object>
	<object>
		<name>wheel</name>
		<pose>Unspecified</pose>
		<truncated>Unspecified</truncated>
		<difficult>Unspecified</difficult>
		<bndbox>
			<xmin>422</xmin>
			<ymin>929</ymin>
			<xmax>588</xmax>
			<ymax>1019</ymax>
		</bndbox>
	</object>
	<object>
		<name>wheel</name>
		<pose>Unspecified</pose>
		<truncated>Unspecified</truncated>
		<difficult>Unspecified</difficult>
		<bndbox>
			<xmin>1441</xmin>
			<ymin>953</ymin>
			<xmax>1590</xmax>
			<ymax>1019</ymax>
		</bndbox>
	</object>
	<object>
		<name>wheel</name>
		<pose>Unspecified</pose>
		<truncated>Unspecified</truncated>
		<difficult>Unspecified</difficult>
		<bndbox>
			<xmin>1599</xmin>
			<ymin>812</ymin>
			<xmax>1887</xmax>
			<ymax>1057</ymax>
		</bndbox>
	</object>
	<object>
		<name>headlight</name>
		<pose>Unspecified</pose>
		<truncated>Unspecified</truncated>
		<difficult>Unspecified</difficult>
		<bndbox>
			<xmin>1476</xmin>
			<ymin>439</ymin>
			<xmax>1841</xmax>
			<ymax>559</ymax>
		</bndbox>
	</object>
	<object>
		<name>headlight</name>
		<pose>Unspecified</pose>
		<truncated>Unspecified</truncated>
		<difficult>Unspecified</difficult>
		<bndbox>
			<xmin>158</xmin>
			<ymin>444</ymin>
			<xmax>547</xmax>
			<ymax>561</ymax>
		</bndbox>
	</object>
</annotation>