<annotation>
	<folder>my-project-name</folder>
	<filename>CV8-2-e1615677126996.jpg</filename>
	<path>/my-project-name/CV8-2-e1615677126996.jpg</path>
	<source>
		<database>Unspecified</database>
	</source>
	<size>
		<width>4608</width>
		<height>2304</height>
		<depth>3</depth>
	</size>
	<object>
		<name>wheel</name>
		<pose>Unspecified</pose>
		<truncated>Unspecified</truncated>
		<difficult>Unspecified</difficult>
		<bndbox>
			<xmin>1520</xmin>
			<ymin>1271</ymin>
			<xmax>2286</xmax>
			<ymax>2142</ymax>
		</bndbox>
	</object>
	<object>
		<name>wheel</name>
		<pose>Unspecified</pose>
		<truncated>Unspecified</truncated>
		<difficult>Unspecified</difficult>
		<bndbox>
			<xmin>3499</xmin>
			<ymin>1088</ymin>
			<xmax>3897</xmax>
			<ymax>1621</ymax>
		</bndbox>
	</object>
	<object>
		<name>headlight</name>
		<pose>Unspecified</pose>
		<truncated>Unspecified</truncated>
		<difficult>Unspecified</difficult>
		<bndbox>
			<xmin>1048</xmin>
			<ymin>1124</ymin>
			<xmax>1422</xmax>
			<ymax>1553</ymax>
		</bndbox>
	</object>
	<object>
		<name>headlight</name>
		<pose>Unspecified</pose>
		<truncated>Unspecified</truncated>
		<difficult>Unspecified</difficult>
		<bndbox>
			<xmin>496</xmin>
			<ymin>1063</ymin>
			<xmax>637</xmax>
			<ymax>1302</ymax>
		</bndbox>
	</object>
	<object>
		<name>headlight</name>
		<pose>Unspecified</pose>
		<truncated>Unspecified</truncated>
		<difficult>Unspecified</difficult>
		<bndbox>
			<xmin>1097</xmin>
			<ymin>1517</ymin>
			<xmax>1336</xmax>
			<ymax>1676</ymax>
		</bndbox>
	</object>
	<object>
		<name>headlight</name>
		<pose>Unspecified</pose>
		<truncated>Unspecified</truncated>
		<difficult>Unspecified</difficult>
		<bndbox>
			<xmin>441</xmin>
			<ymin>1339</ymin>
			<xmax>613</xmax>
			<ymax>1492</ymax>
		</bndbox>
	</object>
</annotation>