<annotation>
	<folder>my-project-name</folder>
	<filename>dsc_3683-2.jpg</filename>
	<path>/my-project-name/dsc_3683-2.jpg</path>
	<source>
		<database>Unspecified</database>
	</source>
	<size>
		<width>2400</width>
		<height>1600</height>
		<depth>3</depth>
	</size>
	<object>
		<name>headlight</name>
		<pose>Unspecified</pose>
		<truncated>Unspecified</truncated>
		<difficult>Unspecified</difficult>
		<bndbox>
			<xmin>788</xmin>
			<ymin>690</ymin>
			<xmax>1318</xmax>
			<ymax>821</ymax>
		</bndbox>
	</object>
	<object>
		<name>headlight</name>
		<pose>Unspecified</pose>
		<truncated>Unspecified</truncated>
		<difficult>Unspecified</difficult>
		<bndbox>
			<xmin>313</xmin>
			<ymin>591</ymin>
			<xmax>466</xmax>
			<ymax>706</ymax>
		</bndbox>
	</object>
	<object>
		<name>wheel</name>
		<pose>Unspecified</pose>
		<truncated>Unspecified</truncated>
		<difficult>Unspecified</difficult>
		<bndbox>
			<xmin>1168</xmin>
			<ymin>939</ymin>
			<xmax>1561</xmax>
			<ymax>1443</ymax>
		</bndbox>
	</object>
	<object>
		<name>wheel</name>
		<pose>Unspecified</pose>
		<truncated>Unspecified</truncated>
		<difficult>Unspecified</difficult>
		<bndbox>
			<xmin>1972</xmin>
			<ymin>901</ymin>
			<xmax>2218</xmax>
			<ymax>1280</ymax>
		</bndbox>
	</object>
</annotation>