<annotation>
	<folder>my-project-name</folder>
	<filename>european-sports-cars-for-10000.jpg</filename>
	<path>/my-project-name/european-sports-cars-for-10000.jpg</path>
	<source>
		<database>Unspecified</database>
	</source>
	<size>
		<width>2400</width>
		<height>1256</height>
		<depth>3</depth>
	</size>
	<object>
		<name>wheel</name>
		<pose>Unspecified</pose>
		<truncated>Unspecified</truncated>
		<difficult>Unspecified</difficult>
		<bndbox>
			<xmin>922</xmin>
			<ymin>630</ymin>
			<xmax>1347</xmax>
			<ymax>1121</ymax>
		</bndbox>
	</object>
	<object>
		<name>wheel</name>
		<pose>Unspecified</pose>
		<truncated>Unspecified</truncated>
		<difficult>Unspecified</difficult>
		<bndbox>
			<xmin>211</xmin>
			<ymin>320</ymin>
			<xmax>367</xmax>
			<ymax>674</ymax>
		</bndbox>
	</object>
	<object>
		<name>headlight</name>
		<pose>Unspecified</pose>
		<truncated>Unspecified</truncated>
		<difficult>Unspecified</difficult>
		<bndbox>
			<xmin>1465</xmin>
			<ymin>563</ymin>
			<xmax>1944</xmax>
			<ymax>856</ymax>
		</bndbox>
	</object>
	<object>
		<name>headlight</name>
		<pose>Unspecified</pose>
		<truncated>Unspecified</truncated>
		<difficult>Unspecified</difficult>
		<bndbox>
			<xmin>1937</xmin>
			<ymin>371</ymin>
			<xmax>2193</xmax>
			<ymax>617</ymax>
		</bndbox>
	</object>
</annotation>