<annotation>
	<folder>my-project-name</folder>
	<filename>fastest-10000-cars.jpg</filename>
	<path>/my-project-name/fastest-10000-cars.jpg</path>
	<source>
		<database>Unspecified</database>
	</source>
	<size>
		<width>1710</width>
		<height>900</height>
		<depth>3</depth>
	</size>
	<object>
		<name>headlight</name>
		<pose>Unspecified</pose>
		<truncated>Unspecified</truncated>
		<difficult>Unspecified</difficult>
		<bndbox>
			<xmin>571</xmin>
			<ymin>387</ymin>
			<xmax>914</xmax>
			<ymax>478</ymax>
		</bndbox>
	</object>
	<object>
		<name>headlight</name>
		<pose>Unspecified</pose>
		<truncated>Unspecified</truncated>
		<difficult>Unspecified</difficult>
		<bndbox>
			<xmin>182</xmin>
			<ymin>376</ymin>
			<xmax>300</xmax>
			<ymax>472</ymax>
		</bndbox>
	</object>
	<object>
		<name>wheel</name>
		<pose>Unspecified</pose>
		<truncated>Unspecified</truncated>
		<difficult>Unspecified</difficult>
		<bndbox>
			<xmin>937</xmin>
			<ymin>447</ymin>
			<xmax>1176</xmax>
			<ymax>763</ymax>
		</bndbox>
	</object>
	<object>
		<name>wheel</name>
		<pose>Unspecified</pose>
		<truncated>Unspecified</truncated>
		<difficult>Unspecified</difficult>
		<bndbox>
			<xmin>1419</xmin>
			<ymin>383</ymin>
			<xmax>1544</xmax>
			<ymax>642</ymax>
		</bndbox>
	</object>
</annotation>