<annotation>
	<folder>my-project-name</folder>
	<filename>feature-image-pontiac-muscle-cars-wed-never-drive.jpg</filename>
	<path>/my-project-name/feature-image-pontiac-muscle-cars-wed-never-drive.jpg</path>
	<source>
		<database>Unspecified</database>
	</source>
	<size>
		<width>2400</width>
		<height>1256</height>
		<depth>3</depth>
	</size>
	<object>
		<name>wheel</name>
		<pose>Unspecified</pose>
		<truncated>Unspecified</truncated>
		<difficult>Unspecified</difficult>
		<bndbox>
			<xmin>1229</xmin>
			<ymin>630</ymin>
			<xmax>1605</xmax>
			<ymax>1076</ymax>
		</bndbox>
	</object>
	<object>
		<name>wheel</name>
		<pose>Unspecified</pose>
		<truncated>Unspecified</truncated>
		<difficult>Unspecified</difficult>
		<bndbox>
			<xmin>1998</xmin>
			<ymin>521</ymin>
			<xmax>2196</xmax>
			<ymax>850</ymax>
		</bndbox>
	</object>
	<object>
		<name>headlight</name>
		<pose>Unspecified</pose>
		<truncated>Unspecified</truncated>
		<difficult>Unspecified</difficult>
		<bndbox>
			<xmin>868</xmin>
			<ymin>604</ymin>
			<xmax>1088</xmax>
			<ymax>732</ymax>
		</bndbox>
	</object>
	<object>
		<name>headlight</name>
		<pose>Unspecified</pose>
		<truncated>Unspecified</truncated>
		<difficult>Unspecified</difficult>
		<bndbox>
			<xmin>348</xmin>
			<ymin>563</ymin>
			<xmax>527</xmax>
			<ymax>674</ymax>
		</bndbox>
	</object>
</annotation>