<annotation>
	<folder>my-project-name</folder>
	<filename>feature-image-expensive-muscle-cars-to-repair.jpg</filename>
	<path>/my-project-name/feature-image-expensive-muscle-cars-to-repair.jpg</path>
	<source>
		<database>Unspecified</database>
	</source>
	<size>
		<width>2400</width>
		<height>1256</height>
		<depth>3</depth>
	</size>
	<object>
		<name>headlight</name>
		<pose>Unspecified</pose>
		<truncated>Unspecified</truncated>
		<difficult>Unspecified</difficult>
		<bndbox>
			<xmin>297</xmin>
			<ymin>744</ymin>
			<xmax>466</xmax>
			<ymax>923</ymax>
		</bndbox>
	</object>
	<object>
		<name>wheel</name>
		<pose>Unspecified</pose>
		<truncated>Unspecified</truncated>
		<difficult>Unspecified</difficult>
		<bndbox>
			<xmin>517</xmin>
			<ymin>789</ymin>
			<xmax>820</xmax>
			<ymax>1217</ymax>
		</bndbox>
	</object>
	<object>
		<name>wheel</name>
		<pose>Unspecified</pose>
		<truncated>Unspecified</truncated>
		<difficult>Unspecified</difficult>
		<bndbox>
			<xmin>983</xmin>
			<ymin>668</ymin>
			<xmax>1133</xmax>
			<ymax>917</ymax>
		</bndbox>
	</object>
</annotation>