<annotation>
	<folder>my-project-name</folder>
	<filename>feature-image-SRT-cars.jpg</filename>
	<path>/my-project-name/feature-image-SRT-cars.jpg</path>
	<source>
		<database>Unspecified</database>
	</source>
	<size>
		<width>2400</width>
		<height>1256</height>
		<depth>3</depth>
	</size>
	<object>
		<name>headlight</name>
		<pose>Unspecified</pose>
		<truncated>Unspecified</truncated>
		<difficult>Unspecified</difficult>
		<bndbox>
			<xmin>488</xmin>
			<ymin>579</ymin>
			<xmax>772</xmax>
			<ymax>732</ymax>
		</bndbox>
	</object>
	<object>
		<name>headlight</name>
		<pose>Unspecified</pose>
		<truncated>Unspecified</truncated>
		<difficult>Unspecified</difficult>
		<bndbox>
			<xmin>1755</xmin>
			<ymin>719</ymin>
			<xmax>1880</xmax>
			<ymax>796</ymax>
		</bndbox>
	</object>
	<object>
		<name>headlight</name>
		<pose>Unspecified</pose>
		<truncated>Unspecified</truncated>
		<difficult>Unspecified</difficult>
		<bndbox>
			<xmin>1254</xmin>
			<ymin>588</ymin>
			<xmax>1344</xmax>
			<ymax>700</ymax>
		</bndbox>
	</object>
	<object>
		<name>wheel</name>
		<pose>Unspecified</pose>
		<truncated>Unspecified</truncated>
		<difficult>Unspecified</difficult>
		<bndbox>
			<xmin>1921</xmin>
			<ymin>690</ymin>
			<xmax>2094</xmax>
			<ymax>997</ymax>
		</bndbox>
	</object>
	<object>
		<name>wheel</name>
		<pose>Unspecified</pose>
		<truncated>Unspecified</truncated>
		<difficult>Unspecified</difficult>
		<bndbox>
			<xmin>2304</xmin>
			<ymin>486</ymin>
			<xmax>2378</xmax>
			<ymax>658</ymax>
		</bndbox>
	</object>
	<object>
		<name>wheel</name>
		<pose>Unspecified</pose>
		<truncated>Unspecified</truncated>
		<difficult>Unspecified</difficult>
		<bndbox>
			<xmin>820</xmin>
			<ymin>649</ymin>
			<xmax>922</xmax>
			<ymax>1006</ymax>
		</bndbox>
	</object>
	<object>
		<name>wheel</name>
		<pose>Unspecified</pose>
		<truncated>Unspecified</truncated>
		<difficult>Unspecified</difficult>
		<bndbox>
			<xmin>696</xmin>
			<ymin>783</ymin>
			<xmax>804</xmax>
			<ymax>1163</ymax>
		</bndbox>
	</object>
</annotation>