<annotation>
	<folder>my-project-name</folder>
	<filename>forgotten-sports-cars.jpg</filename>
	<path>/my-project-name/forgotten-sports-cars.jpg</path>
	<source>
		<database>Unspecified</database>
	</source>
	<size>
		<width>2400</width>
		<height>1256</height>
		<depth>3</depth>
	</size>
	<object>
		<name>wheel</name>
		<pose>Unspecified</pose>
		<truncated>Unspecified</truncated>
		<difficult>Unspecified</difficult>
		<bndbox>
			<xmin>1015</xmin>
			<ymin>684</ymin>
			<xmax>1296</xmax>
			<ymax>993</ymax>
		</bndbox>
	</object>
	<object>
		<name>wheel</name>
		<pose>Unspecified</pose>
		<truncated>Unspecified</truncated>
		<difficult>Unspecified</difficult>
		<bndbox>
			<xmin>1851</xmin>
			<ymin>515</ymin>
			<xmax>2097</xmax>
			<ymax>792</ymax>
		</bndbox>
	</object>
	<object>
		<name>headlight</name>
		<pose>Unspecified</pose>
		<truncated>Unspecified</truncated>
		<difficult>Unspecified</difficult>
		<bndbox>
			<xmin>619</xmin>
			<ymin>620</ymin>
			<xmax>849</xmax>
			<ymax>751</ymax>
		</bndbox>
	</object>
	<object>
		<name>headlight</name>
		<pose>Unspecified</pose>
		<truncated>Unspecified</truncated>
		<difficult>Unspecified</difficult>
		<bndbox>
			<xmin>297</xmin>
			<ymin>531</ymin>
			<xmax>514</xmax>
			<ymax>658</ymax>
		</bndbox>
	</object>
</annotation>