<annotation>
	<folder>my-project-name</folder>
	<filename>Grey-Veneno-e1602205896148.jpg</filename>
	<path>/my-project-name/Grey-Veneno-e1602205896148.jpg</path>
	<source>
		<database>Unspecified</database>
	</source>
	<size>
		<width>1600</width>
		<height>844</height>
		<depth>3</depth>
	</size>
	<object>
		<name>headlight</name>
		<pose>Unspecified</pose>
		<truncated>Unspecified</truncated>
		<difficult>Unspecified</difficult>
		<bndbox>
			<xmin>336</xmin>
			<ymin>395</ymin>
			<xmax>677</xmax>
			<ymax>676</ymax>
		</bndbox>
	</object>
	<object>
		<name>wheel</name>
		<pose>Unspecified</pose>
		<truncated>Unspecified</truncated>
		<difficult>Unspecified</difficult>
		<bndbox>
			<xmin>696</xmin>
			<ymin>395</ymin>
			<xmax>987</xmax>
			<ymax>723</ymax>
		</bndbox>
	</object>
	<object>
		<name>wheel</name>
		<pose>Unspecified</pose>
		<truncated>Unspecified</truncated>
		<difficult>Unspecified</difficult>
		<bndbox>
			<xmin>1364</xmin>
			<ymin>198</ymin>
			<xmax>1500</xmax>
			<ymax>453</ymax>
		</bndbox>
	</object>
	<object>
		<name>wheel</name>
		<pose>Unspecified</pose>
		<truncated>Unspecified</truncated>
		<difficult>Unspecified</difficult>
		<bndbox>
			<xmin>1443</xmin>
			<ymin>25</ymin>
			<xmax>1509</xmax>
			<ymax>72</ymax>
		</bndbox>
	</object>
</annotation>