<annotation>
	<folder>my-project-name</folder>
	<filename>least-reliable-sports-cars.jpg</filename>
	<path>/my-project-name/least-reliable-sports-cars.jpg</path>
	<source>
		<database>Unspecified</database>
	</source>
	<size>
		<width>1710</width>
		<height>900</height>
		<depth>3</depth>
	</size>
	<object>
		<name>headlight</name>
		<pose>Unspecified</pose>
		<truncated>Unspecified</truncated>
		<difficult>Unspecified</difficult>
		<bndbox>
			<xmin>598</xmin>
			<ymin>472</ymin>
			<xmax>750</xmax>
			<ymax>556</ymax>
		</bndbox>
	</object>
	<object>
		<name>headlight</name>
		<pose>Unspecified</pose>
		<truncated>Unspecified</truncated>
		<difficult>Unspecified</difficult>
		<bndbox>
			<xmin>246</xmin>
			<ymin>444</ymin>
			<xmax>371</xmax>
			<ymax>522</ymax>
		</bndbox>
	</object>
	<object>
		<name>wheel</name>
		<pose>Unspecified</pose>
		<truncated>Unspecified</truncated>
		<difficult>Unspecified</difficult>
		<bndbox>
			<xmin>839</xmin>
			<ymin>481</ymin>
			<xmax>1053</xmax>
			<ymax>772</ymax>
		</bndbox>
	</object>
	<object>
		<name>wheel</name>
		<pose>Unspecified</pose>
		<truncated>Unspecified</truncated>
		<difficult>Unspecified</difficult>
		<bndbox>
			<xmin>1346</xmin>
			<ymin>385</ymin>
			<xmax>1474</xmax>
			<ymax>583</ymax>
		</bndbox>
	</object>
</annotation>