<annotation>
	<folder>my-project-name</folder>
	<filename>Lexus-GS_F-2016-1600-02.jpg</filename>
	<path>/my-project-name/Lexus-GS_F-2016-1600-02.jpg</path>
	<source>
		<database>Unspecified</database>
	</source>
	<size>
		<width>1600</width>
		<height>1147</height>
		<depth>3</depth>
	</size>
	<object>
		<name>wheel</name>
		<pose>Unspecified</pose>
		<truncated>Unspecified</truncated>
		<difficult>Unspecified</difficult>
		<bndbox>
			<xmin>343</xmin>
			<ymin>777</ymin>
			<xmax>489</xmax>
			<ymax>1002</ymax>
		</bndbox>
	</object>
	<object>
		<name>wheel</name>
		<pose>Unspecified</pose>
		<truncated>Unspecified</truncated>
		<difficult>Unspecified</difficult>
		<bndbox>
			<xmin>100</xmin>
			<ymin>775</ymin>
			<xmax>187</xmax>
			<ymax>953</ymax>
		</bndbox>
	</object>
	<object>
		<name>wheel</name>
		<pose>Unspecified</pose>
		<truncated>Unspecified</truncated>
		<difficult>Unspecified</difficult>
		<bndbox>
			<xmin>851</xmin>
			<ymin>928</ymin>
			<xmax>994</xmax>
			<ymax>992</ymax>
		</bndbox>
	</object>
	<object>
		<name>headlight</name>
		<pose>Unspecified</pose>
		<truncated>Unspecified</truncated>
		<difficult>Unspecified</difficult>
		<bndbox>
			<xmin>489</xmin>
			<ymin>732</ymin>
			<xmax>651</xmax>
			<ymax>792</ymax>
		</bndbox>
	</object>
	<object>
		<name>headlight</name>
		<pose>Unspecified</pose>
		<truncated>Unspecified</truncated>
		<difficult>Unspecified</difficult>
		<bndbox>
			<xmin>928</xmin>
			<ymin>713</ymin>
			<xmax>1009</xmax>
			<ymax>772</ymax>
		</bndbox>
	</object>
</annotation>